first_name,last_name,email,age
Francis,Velez,sem.pellentesque.ut@quismassa.net,69
Carter,Miranda,ut.sem@eulacus.co.uk,20
Forrest,Weber,in.ornare@nullatempor.net,84
Peter,Cantu,pellentesque.tincidunt.tempus@blanditat.co.uk,24
Vladimir,Graves,consectetuer.ipsum@semperegestas.edu,64
Ivan,Briggs,porttitor.vulputate@vitaesemperegestas.net,23
Travis,Mullins,amet.dapibus@nuncpulvinar.ca,51
Justin,Livingston,egestas.ligula@ipsum.edu,62
August,Frye,leo.elementum.sem@bibendumullamcorper.com,58
Abbot,Daniels,in@metussitamet.ca,37
Plato,Carrillo,aliquam@nulla.com,63
Caldwell,Mccray,euismod@parturientmontes.edu,42
Sawyer,Abbott,eget.metus.eu@iaculis.org,76
Christian,Moreno,nisl@auguescelerisque.ca,43
Eaton,Christensen,accumsan@nonsollicitudin.com,59
Allistair,Cobb,morbi@donec.org,60
Russell,Byers,ac@magnanec.com,37
Colt,Guthrie,et.malesuada@nonlobortisquis.ca,80
Joshua,Zimmerman,fusce@acmattis.net,63
Porter,Gaines,in.ornare@dictumcursusnunc.com,56
Tiger,Hood,feugiat@purusduis.edu,80
Stephen,Salazar,ullamcorper@sitametconsectetuer.edu,59
Rafael,Fletcher,nulla@venenatis.co.uk,36
Stewart,Sampson,proin.nisl@nisinibh.edu,33
Josiah,Mcfarland,consectetuer.adipiscing@dolorfusce.net,52
Talon,Mcfadden,quis.urna.nunc@dis.com,38
Lucas,Rhodes,quisque.fringilla@ac.ca,42
Flynn,Mcdaniel,nibh.vulputate.mauris@accumsansedfacilisis.net,77
Salvador,Howard,faucibus.orci@amet.co.uk,28
Sylvester,Flynn,erat.etiam@ametfaucibus.co.uk,60
Asher,Carlson,accumsan.sed@enimmauris.com,59
Linus,Webb,felis.eget.varius@egestassedpharetra.net,85
Ivor,Blanchard,eu.ultrices@rhoncus.net,54
Austin,Ball,metus.in@velquam.net,31
Ashton,Booker,fames.ac@odionam.com,37
Buckminster,Slater,augue.malesuada.malesuada@fuscefermentumfermentum.edu,54
Felix,Castaneda,lobortis.nisi@blandit.edu,66
Amal,Leon,massa.suspendisse.eleifend@aauctornon.edu,43
Thane,Dean,cursus.vestibulum@tristiqueac.org,71
Axel,Floyd,eget.metus@turpis.org,70
Chester,Frost,non.leo.vivamus@utsagittislobortis.com,80
Mufutau,Pacheco,ac.mattis@sit.com,21
Kareem,Hudson,eu.tellus.eu@sitamet.ca,66
Thomas,Dyer,nulla@duinec.edu,44
Lucas,Farmer,non@nonmagna.com,72
Ross,Nunez,sagittis.duis.gravida@cubiliacurae.edu,70
Cooper,Vega,magnis.dis.parturient@phasellusfermentum.org,78
Alvin,Mcintosh,elementum@nullaante.org,59
Dexter,Moon,lorem.eget@inconsectetueripsum.co.uk,20
Caldwell,Stanley,quisque@aliquetmetus.net,37
Dylan,Evans,est@nuncullamcorper.ca,47
Jesse,Morrow,feugiat.lorem@ornarelectusante.ca,32
Felix,Delacruz,sit.amet@eleifendegestassed.org,41
Zephania,Hurley,tempus.lorem@utpellentesque.com,46
Otto,Wall,nec.ligula@sitamet.com,84
Knox,Osborne,sollicitudin.orci@ligula.ca,23
Byron,Yang,nunc.mauris@est.co.uk,46
Valentine,Hodge,convallis.ligula.donec@risusdonec.edu,63
Tyler,Ortiz,vivamus@diamvel.com,70
Wade,Lucas,non.feugiat@egetvenenatisa.ca,38
Ignatius,Cunningham,sapien.cursus@anunc.net,25
Cedric,Campbell,cras.sed@ultricies.co.uk,52
Gage,Barber,id.blandit.at@phasellus.org,61
Martin,Barton,leo.in@libero.com,32
Cruz,Estrada,nec@risusinmi.net,27
Deacon,Hewitt,accumsan.sed@maurissuspendisse.org,39
Thaddeus,Knight,velit.eu@acfermentumvel.co.uk,41
Fritz,Bolton,magnis@utaliquamiaculis.co.uk,72
Oliver,Baker,molestie.sed.id@proinvelnisl.edu,19
Amery,Salas,duis.a@gravidamauris.org,48
Lamar,Cleveland,hendrerit.a@pedeblandit.org,67
Burke,Arnold,eget@donecelementum.ca,31
Anthony,Yates,nunc.sed.libero@conubianostraper.co.uk,44
Nero,Nguyen,pharetra@blanditviverradonec.com,61
Elvis,Clemons,ante@musproin.ca,85
Thaddeus,Conrad,risus.varius.orci@eu.net,60
Ignatius,Kent,eget.tincidunt@elitpellentesquea.edu,54
Wyatt,Stuart,ante.lectus.convallis@eratvitaerisus.edu,59
Wylie,Hopkins,amet.risus@convallisante.ca,46
Edan,Sandoval,vel.vulputate@etlibero.co.uk,37
Paki,Clay,scelerisque.scelerisque@aliquetdiamsed.org,34
Harrison,Duffy,arcu@maurissagittis.co.uk,41
Baxter,Gregory,curabitur.ut@enim.org,49
Colin,Morse,semper.pretium.neque@asollicitudin.com,72
Hyatt,Holcomb,id.mollis.nec@nonmagna.net,23
Hu,Pratt,iaculis@sagittis.co.uk,22
Randall,Clay,sodales.mauris@venenatisamagna.co.uk,22
Murphy,Reese,enim.sit@velvulputate.org,48
Mohammad,Thornton,orci.lobortis.augue@tristiquepharetraquisque.com,78
Price,Wilkinson,sollicitudin.orci@donec.ca,62
Geoffrey,Galloway,a.enim.suspendisse@ante.co.uk,84
Axel,Cummings,nec.mauris@noncursus.org,53
Samson,Terry,mus@integereu.edu,67
Ivan,Goodwin,fermentum.metus@proin.net,38
Preston,Best,pede.nunc.sed@felisdonec.com,51
Cameron,Wiley,nisi.aenean@ullamcorpernisl.net,72
Lester,Navarro,sed.dictum@pedemalesuadavel.org,55
Gary,Joyner,diam@interdum.ca,83
Gannon,Summers,mauris.morbi@consequatlectus.edu,58
Arsenio,Bridges,amet.ante.vivamus@odiophasellusat.org,67
Daniel,Klein,consectetuer@tincidunttempus.co.uk,71
Branden,Noel,condimentum.eget@atfringillapurus.com,78
Clayton,Nguyen,nullam.suscipit@at.net,56
Arden,Dennis,sed.dolor@tinciduntdonec.org,59
Seth,Howe,ultrices.duis.volutpat@anteipsumprimis.com,74
Grant,Underwood,eu@elementumlorem.co.uk,51
Perry,Herman,at.nisi.cum@consequatdolor.ca,42
Baxter,Humphrey,non.massa@egetmetus.ca,49
Jack,Harrison,erat.semper@variuseteuismod.net,40
Magee,Hinton,lacus.aliquam@imperdietullamcorperduis.org,42
Alan,Deleon,at.augue@mauris.org,38
Joseph,Hurley,morbi.vehicula@nisisem.edu,28
Harper,Cooper,condimentum.donec@vulputatedui.net,61
Dorian,Swanson,sit.amet@parturientmontes.org,67
Richard,Hutchinson,hendrerit.neque@luctusetultrices.com,26
Chase,Becker,scelerisque@nisi.org,33
Noble,Casey,dictum.proin@malesuadafames.edu,20
Lester,Rivera,ligula.nullam.feugiat@nequevitaesemper.ca,63
Coby,Benton,ac.eleifend.vitae@fringillapurusmauris.edu,19
Kato,Mendoza,nunc.id.enim@ipsumprimis.net,27
Orlando,Holden,aenean.egestas@nonummyipsum.com,64
Vernon,Phelps,sed.malesuada.augue@estnunc.net,81
Demetrius,Poole,justo.eu@nislquisque.org,52
Matthew,Ward,ultricies.sem@ligulaaeneaneuismod.org,38
Reece,Monroe,duis@idlibero.net,70
Kennan,Clemons,imperdiet.non.vestibulum@necimperdiet.edu,73
Noble,Burton,laoreet@sednecmetus.edu,55
Felix,Cox,ultricies.sem.magna@ametante.com,60
Neil,Cook,tortor.integer@vel.edu,53
Mohammad,Crawford,luctus.aliquet@vestibulumuteros.org,54
William,Munoz,fusce.aliquet@nasceturridiculusmus.net,61
Omar,Barton,nam@etiamvestibulum.co.uk,45
Reece,Fleming,libero.est@velfaucibusid.net,58
Isaac,Payne,ac.nulla.in@ametultriciessem.ca,74
Kane,Ruiz,nisi.mauris@consequatpurus.net,24
Rahim,Emerson,et.ultrices@sagittis.ca,53
Cameron,Carney,cursus.non@atpede.com,49
Yuli,Jennings,aliquam@egetlacus.org,62
Ishmael,Harrington,vitae.erat@imperdiet.com,65
Curran,Sosa,a@tinciduntdui.org,21
Zephania,Riley,non.massa@eudolor.com,46
Holmes,Sandoval,orci@diamvelarcu.org,43
Jelani,Savage,aenean.egestas.hendrerit@morbinonsapien.org,43
Driscoll,Stevens,elit.nulla@semperetlacinia.net,45
Kaseem,Ramirez,nec.ligula.consectetuer@mus.ca,46
Joshua,Hewitt,cum.sociis@miduis.co.uk,22
Kelly,Levy,ut.tincidunt.vehicula@sed.edu,57
Kadeem,Craft,vestibulum@donec.ca,36
Herman,Lambert,tristique.neque@elitnullafacilisi.org,75
Rafael,Goff,facilisis.vitae@quismassa.ca,39
Cain,Frazier,ullamcorper.eu@nasceturridiculus.ca,78
Alexander,Nielsen,ultricies.ligula@eleifend.co.uk,25
Dante,Lawrence,erat@vitae.net,73
Colton,Sosa,mus.proin.vel@dictumeleifend.com,36
Kyle,Dillon,metus.vitae@euismod.edu,21
Armand,Campbell,pellentesque@erat.ca,28
Harrison,Aguilar,arcu@malesuada.com,37
Talon,Walton,pede.ultrices.a@integerid.co.uk,70
Tobias,Finley,a.dui.cras@purusgravida.net,33
Wesley,Atkinson,duis@euismod.edu,67
Jesse,Fields,lobortis.ultrices@duisemper.com,36
Aidan,Hatfield,fermentum.convallis@interdum.co.uk,35
Kaseem,Murphy,elit.nulla@utsagittis.ca,41
Kaseem,Meyer,quis.pede.suspendisse@a.net,44
Mark,Hays,sagittis.nullam@aliquet.ca,49
Declan,Pratt,eleifend.vitae.erat@mus.org,64
Drake,Olsen,purus@utpellentesque.com,73
Reed,Jordan,montes@crasvulputate.org,23
Ethan,Bryant,purus.ac@turpisegestasaliquam.org,39
Cairo,Cleveland,duis.ac@necmollis.org,30
Demetrius,Robinson,ut.dolor@aliquamnisl.co.uk,72
Nathan,Lester,tincidunt.aliquam.arcu@ametrisusdonec.ca,32
Bert,Crawford,amet.massa@mialiquam.com,53
Lance,Hawkins,eleifend.vitae@elementumpurusaccumsan.ca,62
Uriah,Ryan,a.neque@primisin.net,55
Amal,Stafford,mauris@loremsemper.org,44
Preston,Russo,sapien@donecnon.co.uk,52
Hop,Cox,auctor@aliquamarcualiquam.org,70
Sylvester,Whitley,auctor.mauris@feugiatsednec.co.uk,27
Elijah,Fuentes,rutrum.fusce@semconsequat.co.uk,20
Harding,Dudley,blandit.nam@acsem.net,60
Colin,Rojas,nunc.est@enim.net,22
Emery,O'donnell,odio@nisimagnased.edu,52
Victor,Patel,ipsum.sodales@mattissemperdui.edu,80
Silas,Burnett,proin.velit@eget.edu,74
Yasir,Meyers,sem.ut.dolor@eu.edu,29
Jared,Rodgers,congue.a.aliquet@dignissimmagnaa.org,49
Merrill,Acosta,in.faucibus@ipsumdolorsit.org,67
Reece,Villarreal,et@consequat.co.uk,62
Benedict,Olson,luctus@malesuadavel.ca,52
Yasir,Mayer,at.egestas@sedpede.org,81
Leo,Pearson,lacinia.vitae.sodales@egetdictumplacerat.edu,36
Dexter,Hamilton,tellus@auctorullamcorper.org,76
Avram,Little,magna.lorem@placerateget.net,24
Andrew,Bell,sit@montesnasceturridiculus.org,59
Kadeem,Day,non@ettristiquepellentesque.org,72
Kennan,Adams,quisque.varius@eratetiam.ca,71
Caesar,Camacho,rhoncus.id@egetvolutpat.net,82
Grant,Doyle,nunc@in.edu,39
Dominic,Horne,sodales.at.velit@ornarefacilisiseget.com,41
Noah,Walsh,congue@ut.edu,46
Scott,Hartman,auctor.odio@vestibulumante.net,48
Rahim,Kirby,tempus.mauris@neceuismodin.ca,33
Nash,Barron,enim.sit@ipsumdonecsollicitudin.com,78
Fuller,Delgado,dolor.nulla@sagittis.edu,49
Salvador,Baxter,quisque.porttitor.eros@maecenasornare.edu,57
Erich,Jones,risus.donec.egestas@magnaloremipsum.net,78
Branden,Rowland,gravida@fermentumconvallis.net,78
Ross,Holloway,vel.faucibus.id@molestie.com,51
Barclay,Warner,vel.lectus.cum@in.net,45
Macaulay,Holden,gravida.sit.amet@suspendisseeleifend.org,59
Reed,Burch,ut@sociis.edu,27
Kenyon,Head,velit.eu@conubianostra.ca,33
Blaze,Huber,fusce.fermentum@justositamet.org,43
Lewis,Jensen,at.arcu.vestibulum@semper.org,42
Amery,Hampton,mollis.dui@nonleo.com,48
Aaron,Mccormick,volutpat.ornare@infaucibusorci.ca,75
Cyrus,O'neill,purus@lobortismauris.org,22
Raymond,Ruiz,justo.sit@vitaeodio.com,79
Kasper,James,dui@proin.net,79
Deacon,Griffith,lorem.ipsum@cursus.com,79
Alden,Hunt,cras.eu@sociisnatoque.net,67
Cade,Langley,dis@miac.org,70
Finn,Curry,at.velit@quisquevarius.co.uk,57
Salvador,Clayton,sed.nulla@sit.net,55
Raphael,Peters,pellentesque.massa@eudoloregestas.net,41
Gareth,Calderon,fusce.feugiat@sagittis.net,29
Isaac,Duran,mauris.non@ategestas.net,19
Gray,Michael,euismod.enim@enimsit.org,47
Talon,Hayes,enim.suspendisse@sempercursus.net,83
Geoffrey,Osborne,urna.nullam@erosturpis.org,38
Herrod,Wooten,morbi.tristique.senectus@non.net,56
Lamar,Fuentes,mauris.eu.turpis@nonmagnanam.org,53
Wang,Carver,quis@orci.net,40
Wayne,Luna,metus.vivamus@massasuspendisse.edu,51
Kevin,Leblanc,integer.id@tinciduntaliquam.ca,33
Troy,Christensen,ac.sem@inmi.ca,27
Elton,Dotson,magna.cras@maurissit.com,39
Price,Wood,sit.amet@elitpellentesquea.org,45
Dorian,Hawkins,ornare@interdum.net,66
Keith,Lindsay,cursus@semsemper.ca,71
Ferdinand,West,pharetra.sed@elitpharetra.edu,40
Wayne,Holland,vitae.velit@odio.co.uk,74
Russell,Dixon,justo.praesent@nisl.co.uk,51
Talon,Abbott,vel.nisl.quisque@ligulatortor.ca,81
Alec,Bolton,ornare.placerat.orci@curabitur.org,79
Zahir,Beasley,tincidunt.tempus@urna.org,40
Harlan,Burnett,eu.odio@magnasuspendisse.co.uk,30
Baker,Parrish,elit@purusnullam.org,45
Wang,Head,diam.nunc@euarcu.ca,77
Graiden,Barnes,nisl.maecenas@iaculisquis.edu,83
Lamar,Sampson,eget.massa@ornarelectus.org,80
Seth,Maddox,lacinia.vitae.sodales@maurisaliquam.edu,74
Malcolm,Bradshaw,libero.nec@idlibero.co.uk,21
Xavier,Sanders,ultricies.ligula.nullam@elit.com,27
Jordan,Carter,nulla.eu@iaculisenimsit.edu,71
Isaac,Sheppard,cras.eget@ullamcorperviverra.org,76
Chester,Hodges,tincidunt@convallisin.org,41
Nasim,Nichols,enim.sed@fermentumrisusat.net,34
Walter,Wright,mauris.aliquam.eu@luctus.co.uk,38
Hamish,Kaufman,dis@maecenasmalesuada.co.uk,46
Hedley,Dotson,metus.urna@consectetuerrhoncus.ca,58
Darius,Bowen,a@liberointeger.edu,57
Russell,Castaneda,lacus.pede@maurismolestie.net,61
Harlan,Farrell,porttitor.vulputate@antenunc.co.uk,60
Simon,Clarke,orci.ut@miduisrisus.edu,23
Jacob,Barlow,eget.varius@nislnulla.net,43
Alexander,Mcintyre,quisque.porttitor.eros@ad.co.uk,46
Palmer,Dominguez,consequat.lectus@litoratorquentper.co.uk,64
Drake,Thornton,massa.mauris@arcuac.co.uk,35
Hakeem,Shaffer,dapibus.quam@metusfacilisislorem.ca,40
Colby,Jennings,sagittis.duis@dolorsit.ca,40
Herman,Caldwell,elit@magnaetipsum.com,62
Nero,Ochoa,nec.tempus@egetipsumsuspendisse.edu,73
Anthony,Larsen,nulla.dignissim@inlobortis.org,59
Honorato,Hudson,aliquam@turpis.ca,37
Emerson,Sullivan,dolor.elit@morbimetus.net,36
Dane,Eaton,imperdiet.nec@penatibuset.net,77
Zachary,Livingston,posuere@facilisisnon.edu,36
Emery,Lowery,id.magna.et@aliquamultricesiaculis.co.uk,45
Cedric,Brown,elit@dapibusrutrumjusto.edu,25
Leonard,Love,vulputate@eueleifendnec.org,72
Alvin,Pierce,morbi@cumsociis.net,66
Burton,Alston,velit.quisque.varius@erat.edu,80
Richard,Dixon,ac.eleifend@sapienmolestieorci.com,60
Kane,Wells,proin@dolordolortempus.co.uk,73
Allen,Solomon,enim.diam@sagittisfelisdonec.com,40
Steel,Leach,scelerisque.neque@tristiquepellentesque.com,65
Owen,Foley,risus.a@dictummi.org,18
Basil,Miles,nam.consequat@accumsanneque.co.uk,38
Carlos,Robles,mauris.blandit@cursuspurusnullam.net,21
Oleg,Chen,nulla.aliquet@miloremvehicula.com,35
Rogan,Myers,nunc.quisque@pellentesque.com,25
Allistair,Monroe,elit.pretium@noncursus.co.uk,71
Jerome,Shepard,vivamus.sit@lectusnullamsuscipit.com,29
Alan,Hoover,quam.dignissim@justo.com,19
Reese,Juarez,accumsan@ultrices.co.uk,42
Ross,Madden,nulla.semper@at.ca,65
Malcolm,Bentley,ut.pharetra@nulladonecnon.org,33
Hayden,Rice,sed@enim.ca,80
Ali,Johnson,quam.quis.diam@afeugiattellus.net,60
Malik,Bell,sit.amet@sollicitudincommodo.edu,67
Yasir,Knight,lorem.eu@cursuseteros.org,31
Hedley,Snow,eu.arcu@dictumphasellusin.org,74
Melvin,Alvarez,diam.vel@nec.co.uk,31
Melvin,Giles,at.fringilla@sem.co.uk,36
Isaiah,Bond,sed.nunc@faucibusmorbi.edu,41
Armando,Mills,at.lacus.quisque@sagittisfelis.co.uk,39
August,Reid,pellentesque.eget@lacusmaurisnon.org,28
Asher,Middleton,nonummy.ultricies@semegestas.co.uk,20
Chandler,Battle,ipsum@cursusdiam.org,71
Rashad,Little,ac.arcu@nonummy.net,32
Rooney,Byrd,feugiat.sed@euultrices.com,78
Hu,Morse,ornare.fusce@nullafacilisis.ca,48
Zachery,Noel,tellus@dictum.co.uk,22
Matthew,Mcbride,integer@interdumsedauctor.ca,47
Peter,Neal,quisque.libero@etnetus.ca,52
Abraham,Pickett,feugiat.nec@liberointeger.edu,68
Quinlan,Hardin,duis.gravida@aliquet.edu,79
Branden,Dominguez,lobortis.ultrices@atnisi.net,47
Palmer,Mathews,ornare.in@acfacilisisfacilisis.com,48
Keefe,Mcclure,nisl.arcu@dolordapibusgravida.ca,53
Maxwell,Ramsey,eget@arcuet.com,61
Thomas,Walton,mi.fringilla@rhoncusproin.org,71
Emmanuel,Jennings,aliquam@sitamet.ca,47
Clark,Russo,nec@semperpretiumneque.org,64
Keefe,Santana,malesuada.id@craseget.net,82
Ulysses,Robles,cursus@massasuspendisse.edu,78
Holmes,Frye,molestie.sodales@ullamcorpermagna.org,38
Christian,Moss,rhoncus.id@ridiculus.ca,24
Evan,Montoya,dis.parturient@arcused.com,28
Boris,Hoffman,ut.quam@arcu.org,59
Nathan,Peters,vestibulum@vestibulumuteros.net,60
Brett,Jenkins,blandit@semper.ca,56
Brady,Ramsey,at@velitduisemper.com,84
Troy,Bryan,consequat.auctor.nunc@egestas.com,58
Matthew,Walker,penatibus@accumsanconvallis.co.uk,60
Eric,Johnston,dictum.mi@donecat.co.uk,20
Colton,Macias,ac.tellus@duilectus.edu,30
Rooney,Beach,ut.tincidunt@malesuadavel.edu,49
Philip,Mclaughlin,risus.donec.nibh@ataugueid.edu,78
Vance,House,a@estmaurisrhoncus.com,19
Mufutau,Robertson,cum@ametluctusvulputate.ca,60
Charles,Hebert,sit.amet.consectetuer@facilisissuspendisse.org,21
Ulric,Powers,porttitor.eros@euaugue.com,39
Asher,Moran,fames@etiam.net,54
Howard,Hughes,fermentum.metus.aenean@parturientmontes.org,49
Noah,Alvarado,sagittis@ligula.net,58
Rigel,Juarez,dis@ullamcorperduis.net,84
Ciaran,Bauer,natoque.penatibus.et@telluseu.co.uk,19
Thomas,Mccoy,ac@integer.org,63
Richard,Church,mauris.morbi@auguemalesuada.co.uk,33
Giacomo,Murphy,mauris@aliquamadipiscinglacus.org,53
Kaseem,Sweeney,dui@euelit.org,58
Cameron,Barker,cras.dictum.ultricies@tellusnon.edu,33
Zahir,Mathews,eu.ultrices@eget.org,70
Nero,Clay,donec.tempus.lorem@nullaaliquet.org,52
Alan,Key,nunc.risus.varius@vitaesodales.edu,39
Wylie,Quinn,pede.sagittis.augue@antedictummi.co.uk,24
Dane,Gilmore,fringilla@estac.co.uk,82
Isaac,Cherry,libero@acmattis.edu,30
Nehru,Mccoy,et.rutrum@phasellus.com,32
Brenden,Martinez,blandit.congue@ettristique.org,22
Carl,Rasmussen,ligula.nullam.feugiat@molestie.net,52
Phelan,Barlow,id.ante@mauris.co.uk,66
Abraham,Mclaughlin,commodo.auctor.velit@etiam.net,48
Byron,Wheeler,urna.vivamus@nonummyac.ca,85
Hamish,Berger,primis.in@vitaesodales.ca,62
Geoffrey,Kent,congue.in@elementumlorem.com,79
Aristotle,Galloway,egestas@acsemut.ca,38
Griffin,Glover,magna.phasellus@id.ca,69
Adrian,Orr,semper.auctor.mauris@fermentumvel.ca,74
Ezra,Lambert,tempor@sedet.co.uk,82
Gage,Caldwell,et@orciphasellus.net,72
Lev,Leach,purus.accumsan.interdum@aliquamrutrumlorem.co.uk,33
Hayden,Edwards,rutrum.non@aliquamvulputate.edu,52
Fulton,Morton,id@quisarcu.edu,61
Malik,Bullock,justo.proin@erosproinultrices.org,44
Nash,Wright,auctor.quis@ettristique.com,63
Harper,Mccormick,libero@volutpatnuncsit.com,19
Henry,Jarvis,tincidunt@duifusce.edu,71
Raymond,Wyatt,quisque@vitaeeratvivamus.edu,74
Leroy,Young,dignissim@turpisvitae.com,35
August,Riddle,molestie.sodales@pharetranibh.com,28
Erich,Wood,parturient.montes@vehiculaet.com,41
Xavier,Gibbs,felis.nulla@ornareegestas.ca,47
Phelan,Chaney,sed.nunc@turpisnullaaliquet.com,78
Reuben,Fitzgerald,molestie@velitsed.org,73
Ferdinand,Bray,elit@rutrumloremac.edu,33
Ferdinand,Rhodes,ut.dolor.dapibus@cras.net,39
Tobias,Giles,sollicitudin.commodo@molestietellus.co.uk,35
Eric,Paul,lacinia.orci.consectetuer@ligulanullam.net,37
Bradley,Chan,adipiscing.ligula@donecest.edu,59
Dalton,Gonzales,nam@donecnon.net,31
Quamar,Barton,bibendum.ullamcorper.duis@integerin.net,48
Marsden,Banks,cursus.a.enim@euarcu.com,41
Warren,Villarreal,phasellus@nislsemconsequat.edu,31
Harding,Powers,porta.elit.a@natoquepenatibus.ca,61
Ahmed,Miles,sodales@maurisipsum.ca,74
Francis,Porter,commodo.auctor.velit@massanon.org,19
Kieran,Petersen,et.commodo@senectuset.net,22
Arthur,Riggs,lorem.ipsum@donec.edu,21
Tate,Zimmerman,nulla.cras.eu@velitduisemper.edu,55
Stuart,Floyd,ac@nonegestas.ca,22
Xanthus,Luna,suspendisse.sed@nuncinterdum.net,68
Coby,Harmon,rutrum.justo@odio.co.uk,19
Daquan,Moreno,nunc@metusfacilisis.com,47
Raymond,Heath,primis.in@metusvivamus.ca,27
Abraham,Murray,dolor.fusce.feugiat@dictumaugue.com,35
Dieter,Cervantes,nulla.in.tincidunt@pedenec.co.uk,21
Rigel,Blake,quis.lectus.nullam@etipsum.ca,72
Craig,Luna,phasellus@proinnon.org,74
Hamish,Reed,a.felis@egetmassasuspendisse.net,64
Jesse,Avery,nisi.aenean@nequenullamut.co.uk,28
Gray,Mcintyre,sed.facilisis.vitae@nuncmaurismorbi.net,41
Dalton,Howard,purus@morbinon.net,85
Vincent,Bradshaw,lobortis.quam@orcidonecnibh.edu,47
Garrett,Harris,lacinia@quisquenonummyipsum.ca,74
Arthur,Marquez,nisi.sem@etmagnis.ca,61
Declan,Serrano,luctus.et@ut.net,38
Brock,Shaffer,lacus.mauris@ametdiam.ca,61
Brett,Benjamin,aliquet@anteblanditviverra.co.uk,72
Connor,Beck,elementum.sem@pharetraquisque.org,35
Talon,Beck,massa.vestibulum.accumsan@magnapraesentinterdum.org,71
Vernon,Hodges,consequat.auctor@antevivamus.org,47
Victor,Collins,ipsum.dolor.sit@velfaucibusid.edu,82
Jared,Hopkins,enim.consequat.purus@ullamcorper.edu,61
Kenyon,Fitzpatrick,non@sapien.ca,83
Jack,Mcintosh,sed.congue.elit@afacilisis.net,78
Kibo,Hardin,sem.magna.nec@arcumorbisit.net,70
Drew,Jordan,non@orci.co.uk,54
Alden,Velez,enim.nunc.ut@utnec.net,25
Ralph,Allen,donec@nuncsollicitudin.edu,33
Damon,Richardson,vitae.risus@sagittisplacerat.ca,22
Isaac,Hood,facilisis@aeneaneget.co.uk,48
Elmo,Short,eleifend@nullamnisl.com,19
Cyrus,Grimes,enim@fermentumarcu.edu,80
Brady,Sargent,bibendum@aliquamenim.net,82
Alden,Mueller,iaculis@etiamimperdiet.net,64
Amal,Cantu,convallis.erat@egetmetuseu.net,24
Moses,Pollard,ut@aclibero.ca,52
Xavier,Craig,tellus.nunc@magnaphasellus.net,48
Griffith,Lawrence,proin.mi@ligulanullam.net,80
Marvin,Hewitt,aliquet.phasellus@varius.co.uk,54
Micah,Delaney,libero.at@euodio.net,40
Barrett,Morgan,nonummy.ipsum@nibhvulputatemauris.ca,77
Oren,Beach,ornare.egestas@arcuacorci.net,38
Kareem,Sampson,eu@tinciduntnibh.org,48
Asher,Farrell,mattis.velit@ullamcorperviverra.com,35
Lane,Douglas,mus.proin@nullainterdum.net,47
Igor,Moss,risus@pedecrasvulputate.org,28
Amery,Sims,fringilla.donec.feugiat@erosproin.com,71
Ishmael,England,sed.nunc@egetvenenatis.co.uk,25
Julian,Beasley,donec.est@nec.org,80
Gabriel,Rutledge,elit.etiam.laoreet@integeridmagna.edu,82
Palmer,Cobb,at.lacus@pretiumetrutrum.net,84
Simon,Hull,eget.dictum@vitaepurus.edu,32
Abbot,Watson,adipiscing@utsemnulla.com,46
Blake,Lott,lorem.ac@enimgravida.com,36
Damian,Waters,ipsum.dolor.sit@egetmetus.ca,31
Zeus,Rice,id.libero.donec@pedenunc.com,73
Sebastian,Christensen,adipiscing.enim@fermentum.ca,36
Devin,Humphrey,eget.varius@habitant.edu,20
Laith,Shannon,non@maurisipsum.com,35
Dennis,Robbins,morbi.accumsan.laoreet@orcidonecnibh.net,59
Kato,Reeves,interdum.ligula@liberoest.co.uk,34
James,Daniel,vitae.velit.egestas@aeneaneget.net,60
Deacon,Kidd,dictum.sapien@quisque.co.uk,39
Eaton,Guzman,nunc.ullamcorper.velit@namnulla.co.uk,80
Hall,York,tempor.arcu@vulputate.net,58
Odysseus,Richmond,donec.sollicitudin@accumsanconvallisante.edu,39
Wing,Howell,nec.diam.duis@sollicitudincommodo.net,40
Bradley,Buckner,sem.molestie@vitae.net,75
Todd,Douglas,tortor.at@tristiqueaceleifend.com,44
Jason,Holden,neque@ornarein.org,74
Adam,Acevedo,cursus@egestasrhoncus.co.uk,44
Brett,Pacheco,et.pede@ipsumleo.edu,81
Griffin,Jacobson,dui.fusce.aliquam@interdumsed.org,56
Ali,Clayton,mauris@uteros.com,40
Brian,Nixon,varius@molestie.co.uk,23
Robert,Butler,parturient@erosnam.net,42
Hammett,Dean,est.tempor.bibendum@utlacus.ca,46
Timothy,Lewis,morbi.accumsan@sagittisplacerat.edu,31
Chancellor,Crosby,vitae@sitamet.com,85
Lucas,Spence,rutrum@aliquamenimnec.ca,20
Dale,Case,non.quam@felisadipiscing.edu,23
Ferdinand,Vargas,dui.semper@craseu.edu,35
Berk,Nieves,porttitor.interdum@at.co.uk,30
Fulton,Hicks,dui.cum@maecenaslibero.org,57
Drew,Daniel,elit.curabitur@turpisnon.ca,35
Sean,Thompson,duis@fermentum.co.uk,81
Colton,Forbes,ut@lacusvestibulum.com,82
Jasper,Kirk,auctor.nunc.nulla@egestas.net,56
Kibo,Little,tellus@commodoipsumsuspendisse.edu,69
Xavier,Bolton,tincidunt.aliquam@enimmi.com,74
Dylan,Vega,a.mi@nec.org,71
Chaim,Glass,fringilla.donec@ametrisus.ca,78
Ronan,Watson,natoque.penatibus@auguescelerisque.net,70
Eric,Robles,purus.ac.tellus@phasellus.net,22
Michael,Shannon,sed.sem@ultricesvivamusrhoncus.org,23
Wallace,Mccullough,ipsum@hendreritaarcu.com,71
Troy,Mccoy,sit.amet.consectetuer@mus.ca,19
Myles,Hale,donec.est.nunc@sed.edu,68
Tate,Merrill,dolor.dapibus@feugiat.co.uk,21
Paki,Lawson,mattis.cras@tempusrisusdonec.org,30
Isaiah,Chen,ornare.elit@integerurna.com,67
Phelan,Simmons,posuere.cubilia@imperdietornarein.edu,62
Vaughan,Hopkins,scelerisque.neque@et.net,84
Lester,Berger,orci.quis@aliquetvel.edu,65
Laith,Donovan,imperdiet.dictum.magna@sagittis.net,77
Stewart,Leach,risus.in@doloregestas.ca,54
Leo,Walters,orci.ut@quisqueporttitor.net,44
Hall,Christensen,ligula.elit@nuncullamcorper.com,21
Jermaine,Huffman,ut.molestie@morbinon.co.uk,36
Ryan,York,et@phasellusfermentum.org,64
Ralph,Bradford,penatibus@liberodonec.com,84
Uriah,Wong,ut.odio.vel@magnaa.co.uk,37
Adam,Flowers,dictum.phasellus@fermentummetus.edu,37
Steven,Bird,id.mollis@cursusvestibulum.net,82
Thane,Lowery,aliquet@nonenimcommodo.org,84
Drake,Cox,semper.cursus.integer@nuncsed.edu,40
Kennedy,Bowman,eget.varius.ultrices@lacusnullatincidunt.co.uk,78
Wing,Byers,nulla.interdum@convallis.net,41
Giacomo,Page,quisque.fringilla.euismod@dui.net,32
Laith,Marquez,sed.dictum@curabiturdictumphasellus.co.uk,45
Ivor,Christensen,nonummy.ut.molestie@parturient.net,73
Keefe,Scott,aenean.massa.integer@loremsemper.edu,52
Bruce,Thornton,orci.ut@liberoproin.net,18
Tyrone,Farley,enim.sit@pellentesqueut.org,51
Luke,Dean,gravida.aliquam@integeridmagna.co.uk,38
Brady,Massey,ut.molestie.in@ante.com,75
Caesar,Stephens,vel.lectus.cum@diampellentesque.org,30
Erasmus,Fitzpatrick,ornare.facilisis@vulputatelacuscras.co.uk,26
Warren,Monroe,sed.id.risus@turpisaliquamadipiscing.net,65
Wesley,Orr,ut.tincidunt@mattis.edu,83
Brady,Chang,erat.vitae.risus@ametrisus.net,21
Ciaran,Hudson,aenean@enimgravidasit.com,56
Hayes,Finley,eros.nam.consequat@semmolestie.co.uk,28
Valentine,Warren,semper@velnislquisque.edu,83
Edan,Gillespie,duis.ac@necurna.com,74
Hoyt,Branch,cras.sed.leo@magnapraesent.ca,41
Dale,Valdez,dictum@aeneanegestas.org,26
Cairo,Salazar,molestie@justoproin.com,37
Xander,Kramer,id.mollis.nec@orciluctus.net,56
Demetrius,Barnes,ut.odio.vel@hendrerit.org,68
Yardley,Hampton,in.lorem@urnajusto.co.uk,53
Zahir,Robles,ac@indolorfusce.net,36
Giacomo,Black,accumsan.interdum@eratvel.com,19
Todd,Conway,eget@sed.com,33
Dante,Hansen,metus.facilisis.lorem@crasdolor.net,75
Isaac,Serrano,vulputate.ullamcorper.magna@dolorelit.ca,42
Otto,Petty,sodales.at@libero.net,25
Hakeem,Mclaughlin,nisi.a@dolorsitamet.net,57
John,Anthony,a.sollicitudin.orci@dolorsit.edu,18
Colin,Pacheco,venenatis.lacus.etiam@commodoat.co.uk,52
Dorian,Farley,lacus@magna.net,55
Gary,Emerson,varius.et.euismod@libero.org,42
Brady,Harrington,non.luctus@tellusnonmagna.com,43
Tanek,Lowe,risus.odio@elitfermentum.co.uk,37
Tanner,Madden,augue.sed@rutrumnon.edu,21
Simon,Koch,phasellus.vitae@sapiencras.net,82
Chancellor,Moss,nam.ligula.elit@urnajustofaucibus.com,73
Kuame,Morrow,ridiculus.mus@nullainteger.ca,71
Merrill,Clements,natoque@infaucibusmorbi.com,73
Flynn,Hanson,fermentum.convallis@penatibus.org,57
Stuart,Macias,proin@ornarefacilisis.net,37
Bert,Robbins,fusce.diam@dui.net,20
Gavin,Beach,non.ante@pedeet.org,48
Ezekiel,Mercado,et@dolornulla.org,51
Knox,Hanson,praesent.interdum@sollicitudina.org,81
Raja,Pratt,gravida.sagittis.duis@morbivehicula.org,46
Timon,Fowler,interdum.nunc@aaliquet.com,37
Chaney,Banks,nulla@sit.net,27
Clark,Sullivan,metus@integer.net,46
Jakeem,Nieves,pellentesque@gravidamauris.co.uk,78
Upton,Keller,curae@donecporttitor.net,68
Sean,Kinney,praesent.eu.nulla@donecvitae.net,46
Timothy,Smith,est.congue@consectetueradipiscingelit.edu,38
Julian,Alvarez,dolor@loremdonec.co.uk,22
Steel,Berry,tellus.non@bibendumdonecfelis.co.uk,71
Rafael,Kirby,duis.at@intinciduntcongue.net,55
Gregory,Mercado,nullam@necdiamduis.org,66
Omar,Mccormick,est.arcu.ac@fuscefeugiatlorem.com,19
Zephania,Jones,suspendisse@consequatdolor.edu,51
Burke,Albert,sagittis.semper@etiambibendum.edu,32
Gage,Miller,nulla@euismod.ca,21
Ezra,David,luctus@aliquamarcu.edu,80
Holmes,Hopkins,neque.sed.sem@massamaurisvestibulum.com,33
Peter,Estes,nibh@urnaut.org,72
Vincent,Holder,neque.nullam@etiamligula.org,47
Paki,Barker,faucibus.orci@necmetus.com,34
Raymond,Black,sit.amet.consectetuer@metusvitaevelit.edu,40
Kermit,Roman,ultrices.sit@pulvinararcuet.co.uk,43
Walker,Mathis,sapien.imperdiet@tinciduntadipiscing.org,42
Rooney,Hopkins,ligula@molestiearcu.edu,47
Neil,Medina,in.lorem@ultricesiaculisodio.edu,68
Talon,Brown,et@eu.org,30
Plato,Knapp,convallis@diam.org,45
Kelly,Holloway,nonummy@etiamimperdietdictum.net,69
Burton,Wiley,enim.condimentum.eget@massanon.org,25
Walter,Hardin,tempus@tinciduntpede.com,32
Mohammad,Langley,vitae@semmolestiesodales.net,52
Noble,Workman,mi.pede@aceleifendvitae.com,84
Upton,Guerrero,vestibulum.ante@inceptoshymenaeos.org,46
Cade,Hancock,sit.amet@feugiatloremipsum.net,41
Zahir,Day,eu@etipsum.ca,24
Christopher,Sanford,vulputate.posuere@elitcurabitursed.edu,56
Kato,Berg,mauris.aliquam@dictumeu.edu,39
Otto,Townsend,orci.luctus.et@nullam.net,49
Kaseem,Crane,morbi.tristique@auctorvitae.com,84
Jarrod,Baird,ornare.elit@odiosempercursus.net,80
Tanek,Christensen,vestibulum.ante@egestashendrerit.org,72
Lucius,Le,ac.libero.nec@fringillaestmauris.co.uk,79
Grant,Snow,et@ipsumdolorsit.ca,29
Ryder,Strong,tempus@vitaealiquet.ca,75
Todd,Parker,lorem.ipsum@sitamet.edu,54
Keegan,Cash,vulputate.mauris@dapibusgravidaaliquam.ca,61
Caleb,Bender,bibendum.ullamcorper.duis@metusaenean.com,82
Rashad,Bell,euismod@nisi.ca,53
Flynn,Turner,erat@loremvehicula.ca,65
Castor,Joyce,in@curabituregestasnunc.ca,30
Barrett,Gill,in.mi@lacusmauris.co.uk,85
Rahim,Santana,euismod.in.dolor@pellentesquehabitant.org,31
Emery,Thomas,sed.turpis@convallisdolor.co.uk,37
Rudyard,Stephens,donec@etrutrum.org,60
Kato,Vinson,vel.sapien@vitaeposuere.net,68
Martin,Middleton,suspendisse@enimgravida.net,56
Timothy,Dennis,hendrerit@nullavulputate.ca,58
Lawrence,Love,lorem.vitae.odio@dolorfuscemi.edu,41
Yoshio,Mcdowell,viverra@nullaintegerurna.org,24
Davis,Thomas,lobortis.nisi.nibh@idsapiencras.com,71
Austin,Tillman,sit@lobortis.com,78
Kato,Aguirre,tempor.lorem@facilisisvitae.ca,53
Brennan,Alvarado,venenatis@velmaurisinteger.edu,43
Erich,Gaines,vehicula.risus@phasellusdapibusquam.org,56
Abdul,Church,eget.ipsum.donec@urna.net,35
Thomas,Johnson,parturient@sitamet.edu,68
Arthur,Jimenez,dictum.proin.eget@duisatlacus.co.uk,42
Gary,Vang,dictum.eu@suspendisseac.co.uk,27
Ivor,Villarreal,id.mollis@lobortisnisi.net,31
Porter,Mathis,enim.nisl@ornaretortorat.co.uk,77
Harding,Atkins,neque@variusnam.ca,42
Louis,Sparks,sed.dui@donecconsectetuer.org,62
Joshua,Reynolds,accumsan.neque@pedepraesent.org,50
Raphael,Yates,volutpat.nunc@hendreritdonec.net,46
Neil,Benton,nec.metus@velit.net,50
Jin,Mcintosh,in@semperdui.com,78
Abdul,Mullen,malesuada@volutpat.edu,25
Keefe,Douglas,faucibus.morbi@ultrices.ca,69
Cooper,Duran,purus@velest.ca,84
Alec,Jarvis,pede.blandit@sed.com,32
Kenneth,Boyer,elementum.at@estnunclaoreet.org,29
Laith,Carter,arcu.vestibulum@libero.com,56
Hall,Lloyd,ante.dictum.cursus@actellus.com,72
Alexander,Mcfadden,tempor.erat@musaeneaneget.edu,53
Calvin,Love,dui.suspendisse.ac@placerat.edu,70
Steven,Hogan,enim@dolorelit.com,63
Edan,Mullen,cras.eget.nisi@enimmauris.org,84
Nigel,Hays,velit.egestas@interdumsed.com,60
Zachery,Hansen,sed.id@eu.org,39
Yardley,Kelley,leo@tellus.org,55
Dustin,Stout,dui.nec@sociisnatoque.co.uk,65
Talon,Simon,duis.a@auguescelerisquemollis.co.uk,27
Randall,Fischer,nascetur.ridiculus.mus@lectussit.ca,43
Elton,Merrill,sed.pede.nec@ridiculusmusproin.ca,38
Dieter,Mcfarland,congue.in@egetvenenatisa.edu,44
Sylvester,Roy,accumsan@dictumultricies.org,51
Reese,Griffith,ligula@risusvarius.edu,32
Wylie,Bolton,donec@pellentesquesed.com,21
Salvador,Jenkins,tristique.pharetra@libero.net,64
Bruno,Atkinson,curabitur.massa@estac.org,26
Nasim,Gillespie,vel.vulputate.eu@convallisante.net,47
Byron,Booker,scelerisque.mollis.phasellus@augue.co.uk,41
Paki,Franks,pede.suspendisse@nisidictumaugue.ca,83
Kamal,Holman,tempor.diam@elitpellentesque.co.uk,61
James,Andrews,et.magnis@adipiscing.edu,42
Kibo,Newman,nascetur.ridiculus@nonquam.net,85
Gray,Collier,nunc.laoreet@rhoncusnullam.co.uk,46
Isaac,Hendricks,etiam.bibendum.fermentum@vivamuseuismod.net,75
Garrison,Faulkner,duis.cursus@maecenas.org,21
Kasimir,Gillespie,gravida.aliquam@etrisus.com,32
Alfonso,Foley,hendrerit@eratvitaerisus.co.uk,79
Mannix,Charles,ultrices@risusvariusorci.ca,54
Scott,Cantrell,rutrum.non@sagittisnullam.co.uk,58
Thomas,Shepherd,justo.nec.ante@loremipsum.net,33
Tanek,Vang,non.cursus@seddui.co.uk,24
Vance,Barnes,lacus.cras.interdum@elitpharetra.edu,36
Martin,Schroeder,at@sedconsequat.co.uk,56
Hamish,Hardin,malesuada@quisquepurussapien.com,62
Donovan,Daniel,quisque@quistristique.org,81
Abel,Hansen,eu@sodalespurusin.co.uk,46
Clayton,James,feugiat@sem.co.uk,65
Damian,Farrell,eu.nibh@sollicitudincommodo.com,24
Wang,Velasquez,id.enim@sem.com,29
Jason,Weeks,elit@disparturient.com,63
Jameson,Camacho,cras.vulputate@euligula.ca,54
Louis,Ballard,adipiscing@elitpellentesque.com,78
Colby,Gilliam,odio.etiam@acurna.edu,62
Tad,Cain,pede.cras@quisquelibero.edu,78
Tobias,Odom,non.magna.nam@pedenonummy.ca,76
Murphy,Shannon,faucibus.orci.luctus@aceleifend.ca,46
Oliver,Ochoa,id.enim.curabitur@integer.edu,80
Marvin,Whitley,netus.et@diamduis.co.uk,53
Coby,Quinn,erat@euodiotristique.org,61
Brendan,Vincent,proin.dolor@euismod.edu,71
Ronan,Serrano,porttitor@sociisnatoque.co.uk,73
Warren,Ferguson,felis.nulla.tempor@sedeueros.net,33
Plato,Jensen,neque@auctor.ca,49
Magee,Abbott,nec.tempus@craseget.ca,43
Eric,Franklin,mauris.a.nunc@purus.com,73
Chester,Terry,curabitur@massasuspendisse.org,35
Dennis,Conley,arcu.vel@curabiturconsequatlectus.net,42
Marshall,Weeks,aliquam@vestibulummauris.com,78
Clark,Montgomery,interdum.ligula@augue.co.uk,66
Nero,Trujillo,tellus.phasellus@nequevenenatislacus.ca,29
Hamish,Donovan,nam@curabitursed.net,44
Amal,Harrell,donec@molestiesodales.org,69
Tiger,Jefferson,porttitor.scelerisque@at.ca,25
Micah,Beasley,posuere.cubilia@maurissit.com,73
Merritt,Mcdaniel,etiam@consectetueripsum.com,71
Abel,Knight,vel@aliquamarcu.com,78
Alexander,Mccray,consequat.enim@elitdictumeu.edu,32
Preston,Berry,eu.neque.pellentesque@arcueuodio.net,77
Macon,Vasquez,nec.diam.duis@vitaedolordonec.co.uk,34
Carter,O'connor,consectetuer.rhoncus.nullam@posuereat.com,74
Vaughan,Murray,in.lorem@ut.net,82
Ulric,Vasquez,nulla.integer@idmagna.edu,20
Dillon,Greer,nec.mauris@massaquisque.org,56
Nolan,Lindsey,vel.sapien@lectuspedeultrices.com,33
Nasim,Short,metus.aliquam@euturpisnulla.edu,41
Jarrod,Workman,ullamcorper.eu@enimcommodo.net,22
Hu,Farmer,sed.nunc.est@sednunc.org,80
Cadman,Chapman,in.consectetuer@imperdietdictum.co.uk,22
Orlando,Goff,dolor@egestasaliquamnec.com,62
George,Tillman,molestie@cursuset.net,78
Allen,Carson,mauris.molestie.pharetra@euismod.ca,29
Yasir,Craig,tellus@leoelementumsem.net,45
Aladdin,Andrews,pede.nonummy@amet.org,44
Lucian,Grimes,ligula.eu@aliquamadipiscing.org,79
Kareem,Tyson,sagittis.semper@magnaphasellus.edu,25
Levi,Clements,hendrerit.consectetuer@tellus.com,21
Price,Rogers,neque.sed@nonsollicitudin.co.uk,41
Allen,Lee,phasellus.vitae@telluslorem.org,42
Wayne,Wall,ornare.libero@eratsed.org,32
Oleg,Lawson,felis.purus@tortorat.co.uk,52
Wylie,Vance,nostra.per@risusatfringilla.org,32
Elliott,Yates,est.tempor@molestieorci.ca,36
Noble,Cote,sed.libero@mipedenonummy.edu,83
Bradley,Bush,nec.luctus@semperrutrum.com,74
Marshall,Paul,ut.molestie@proinnisl.co.uk,52
Hamilton,Guerra,aliquam.nec.enim@sociosquadlitora.ca,61
Brandon,Foster,dignissim.pharetra@eu.org,68
Tiger,Rodriquez,mi.enim@egestasligulanullam.ca,83
Clark,Kane,id.enim@ipsumnuncid.co.uk,68
Mohammad,Cooley,nec.mauris@vestibulum.ca,68
Baker,Pierce,praesent.interdum@enimmauris.ca,80
Hunter,Little,eu.odio@imperdietullamcorper.net,56
Stone,Ortega,orci.sem@ipsumprimisin.ca,41
Conan,Hodges,rutrum.magna.cras@augueeu.com,76
Laith,Jones,mus.proin@et.edu,48
Jerome,Camacho,proin.velit@sitamet.ca,45
Jamal,Ray,ante@mi.ca,29
Moses,Foley,nec.leo@etipsum.com,55
Geoffrey,Holland,imperdiet.dictum.magna@dictum.edu,36
Jelani,Williamson,leo@lacusvarius.edu,51
Michael,Webb,magna@lorem.org,27
Wyatt,Fleming,fusce@ut.edu,61
Dylan,Beach,sit.amet.orci@elementum.edu,61
Kareem,Riddle,ipsum.curabitur.consequat@eutellus.edu,44
Linus,Lambert,diam.pellentesque@quisturpis.com,41
Elmo,Hahn,aliquam.adipiscing@variusultricesmauris.com,48
Hammett,Horton,dui.augue.eu@elitpellentesque.edu,31
Brody,Tran,at.pede@interdum.edu,25
David,Russell,leo.morbi@lobortistellus.net,48
Cameron,Short,mauris@porttitorscelerisque.org,44
Cole,Singleton,per.inceptos.hymenaeos@viverradonec.co.uk,64
Bradley,Dale,lacus.aliquam@luctuset.net,68
Lester,Head,ligula@enimgravida.org,18
Ulysses,Figueroa,senectus.et@ligulaaeneangravida.edu,84
Isaac,Estrada,aliquam.nisl@ullamcorperduis.edu,70
Alexander,Vargas,vitae.risus@natoquepenatibus.edu,34
Harlan,Rocha,quam.pellentesque@suspendissetristique.edu,71
Kasper,Fitzpatrick,et@consectetueradipiscing.co.uk,43
Abraham,Mccarthy,malesuada.vel.venenatis@rhoncusdonec.ca,19
Adrian,Levy,turpis@arcumorbi.com,84
Jameson,Roberson,ornare.facilisis@quamquis.ca,40
Galvin,Hendrix,non.egestas@erat.edu,38
Russell,Preston,arcu.vestibulum@mollisnec.co.uk,76
Lyle,Ellis,luctus@tinciduntduiaugue.edu,18
Quinlan,Mccray,imperdiet@velvulputate.com,25
Hayes,Banks,non.lobortis@mollisnoncursus.ca,46
Drew,Puckett,sed.pede@quampellentesque.co.uk,18
Lars,Cabrera,aliquam.nisl@morbitristique.org,53
Elton,Holcomb,magna.phasellus@acfeugiat.net,30
Lucius,Medina,ultricies@nonbibendum.ca,56
Kato,Wilcox,in.lobortis.tellus@penatibuset.com,55
Alvin,Fowler,elit.pharetra@nulladonecnon.edu,20
Erasmus,Barton,sem@sedpede.com,75
Lee,Osborn,nec.cursus.a@risus.edu,72
Justin,Franco,lobortis.augue@dolorquisque.org,78
Charles,Dudley,luctus@facilisiseget.com,64
Asher,Robertson,pede.cras@quis.co.uk,22
Caldwell,Cantrell,sapien.molestie@maecenaslibero.co.uk,39
Jacob,Levy,consectetuer.adipiscing@nec.ca,61
Kuame,Glenn,eget.metus.eu@tortornunc.co.uk,23
Hasad,Barton,sed.dolor@eu.org,32
Walter,Benton,id.blandit@vehiculapellentesque.com,40
Malachi,Page,purus.maecenas@nequesed.co.uk,67
Stone,Shaw,non@ultricesposuerecubilia.ca,60
Neville,Mcclain,aliquet@eueros.co.uk,45
Brandon,Duran,integer@sed.co.uk,39
Chancellor,Durham,eleifend.vitae@eu.com,27
Hasad,Cunningham,cursus.vestibulum.mauris@odiophasellus.org,49
Devin,Weiss,eget.tincidunt.dui@nibh.edu,36
Garrett,Clay,eu@dapibusligula.edu,73
Basil,Downs,arcu.curabitur.ut@habitant.net,42
Jameson,Bruce,cras.eget.nisi@augueac.co.uk,73
Scott,Moss,proin.nisl.sem@urnauttincidunt.net,19
Lance,Ford,donec.nibh.quisque@etiamgravida.org,60
Emerson,Woods,facilisis@tincidunt.org,49
Warren,Hancock,feugiat.metus@estnunc.com,37
Cedric,Terrell,mauris.vestibulum.neque@consectetuermaurisid.com,43
Reese,Leonard,curabitur@necmollisvitae.co.uk,77
Gray,Bullock,non@fringillapurusmauris.edu,36
Dean,Adams,posuere.cubilia@maurisipsum.co.uk,23
Nolan,Jensen,arcu.nunc.mauris@quamcurabiturvel.org,26
Bradley,Ray,a.mi@duisami.ca,53
Reed,Harrison,consequat.dolor.vitae@atfringillapurus.co.uk,43
Bernard,Harper,tincidunt@sodaleselit.ca,42
Chadwick,White,sodales.purus.in@nisinibh.org,24
Harding,Conner,lobortis.nisi.nibh@utlacus.net,45
Armand,Greene,ante.nunc@antelectus.com,25
Ciaran,Allen,eros@nondui.co.uk,80
Raphael,Everett,vestibulum.mauris@loremeget.org,54
Steel,Wood,rutrum.lorem@temporaugueac.net,76
Ray,Cardenas,mauris.molestie.pharetra@utpellentesque.edu,73
Phelan,Howe,magna.nam.ligula@egetvenenatis.ca,51
Honorato,Blackwell,dictum.sapien@rhoncusproin.org,62
Emmanuel,Brown,at.pretium@molestiesedid.com,43
Lester,Meadows,ultricies.sem@fuscediam.com,37
Nigel,Galloway,lacus.aliquam@integersem.net,81
Lev,Vasquez,lorem.eu.metus@faucibusorci.ca,42
Tucker,William,ligula.nullam@adipiscing.ca,25
Samuel,Morse,ornare@risusnulla.com,28
Caldwell,Blackburn,phasellus.in.felis@etrisus.com,71
Cain,Kramer,magna.sed.dui@elementum.co.uk,20
Todd,Alvarado,netus@vel.co.uk,34
Darius,Miranda,fringilla@sociosquad.edu,57
Lamar,Young,vitae@imperdiet.edu,19
Fuller,Gentry,euismod.est@maurissuspendissealiquet.net,18
Burton,May,sed@vestibulumaccumsanneque.co.uk,67
Chancellor,Guthrie,ornare.lectus.ante@sed.co.uk,40
Julian,Bryan,lorem@magna.com,48
Samuel,Villarreal,eget.ipsum.donec@namacnulla.org,45
Leonard,Barron,metus@consequatnecmollis.org,29
Xavier,Chase,vel.turpis@maurisnon.edu,49
Stone,Clements,mollis.integer.tincidunt@etmagnis.edu,78
Tate,Burch,magna.sed@leovivamus.net,50
Beck,Hurst,semper.tellus.id@commodoauctor.org,42
Macon,Duke,turpis.egestas.fusce@consequatnecmollis.ca,78
Oleg,Goodwin,molestie.sed@fringillaporttitorvulputate.org,39
Brody,Mooney,et@aliquet.com,28
Zane,Bowman,euismod@loremeu.edu,80
Colton,Miller,faucibus.ut@aduicras.org,39
Wang,Johnston,ac@phasellusat.co.uk,80
Valentine,Wolf,praesent.interdum@auctor.org,45
Lawrence,Cardenas,nec.ante@iaculis.co.uk,68
Yuli,Lara,sem.nulla.interdum@sodalesnisi.edu,35
Lance,Charles,risus.a@aliquetlibero.org,65
Laith,Nichols,in.faucibus@curabiturvellectus.net,57
Ferris,Pacheco,nec.ante.maecenas@acliberonec.edu,61
Wade,Rios,feugiat.metus@condimentumdonec.co.uk,69
Neil,Mcdowell,etiam.imperdiet.dictum@senectusetnetus.com,77
Ira,Faulkner,libero.mauris@nonluctus.edu,67
Kareem,Alvarado,donec@tristiquepellentesque.ca,37
Kevin,Fernandez,suspendisse.ac.metus@crasloremlorem.org,68
Nasim,Gallegos,non.ante@a.ca,81
Colorado,Steele,nec.diam.duis@tristiquenequevenenatis.ca,76
Reuben,Macias,nulla.cras.eu@blandit.co.uk,25
Thaddeus,Dominguez,a.sollicitudin.orci@justonecante.net,55
Jarrod,Kidd,lectus@nuncrisus.org,85
Lance,Hendrix,augue.eu@arcuvestibulum.net,24
Jerry,Silva,placerat@at.ca,59
Noah,Parks,venenatis.vel@musdonecdignissim.net,68
Eaton,Jensen,augue@rutrumfusce.edu,82
Hyatt,Guerrero,diam.pellentesque@dui.ca,70
Ferris,Guerra,vel@ut.org,25
Cooper,Austin,dolor@sodalesnisi.ca,39
Demetrius,Sargent,nisl.arcu@tellusaeneanegestas.ca,81
Jameson,Rodriguez,lorem.semper@anunc.org,74
Bruce,Gallagher,quam.vel@primisinfaucibus.ca,35
Jared,Hernandez,mauris.eu@venenatisvel.net,84
Tucker,Espinoza,aliquet.vel@lobortismauris.net,42
Ferdinand,Rutledge,eu.neque.pellentesque@senectusetnetus.com,37
Quinn,Jacobson,orci.consectetuer.euismod@curabiturconsequatlectus.org,34
Matthew,Boone,tempus.mauris.erat@consectetueradipiscing.co.uk,73
Lucas,Smith,sapien.aenean@nullamenim.co.uk,24
Isaiah,Wilcox,montes.nascetur@lobortisaugue.co.uk,44
Andrew,Hunter,rutrum.eu.ultrices@etliberoproin.co.uk,39
Jin,Christian,tincidunt.nunc@anteiaculis.com,45
Lucian,Frye,diam.proin@pharetranamac.org,73
Porter,Farrell,ullamcorper@intinciduntcongue.edu,46
Ian,Spencer,sit.amet@crasvulputate.com,50
Bruno,Boyd,at.arcu.vestibulum@nunc.net,25
Michael,Holt,enim@necurnasuscipit.org,82
Samuel,Wagner,ipsum.phasellus@utmolestie.co.uk,70
Ulysses,Britt,diam@sem.org,50
Emmanuel,Wiggins,orci.donec@vivamusnibhdolor.edu,85
Walter,Woodard,nunc.ut.erat@enimcondimentum.org,82
Cooper,Potts,nec.leo.morbi@eleifend.com,42
Henry,Reilly,est@eutempor.com,63
Russell,Pugh,velit.justo.nec@telluseu.ca,52
Kyle,Long,tristique.senectus@ultricesmauris.co.uk,44
William,Mcclure,consequat.nec.mollis@acmieleifend.co.uk,19
Beau,Chandler,libero.lacus@estac.edu,55
Colby,Downs,pharetra.quisque@bibendum.edu,43
Kato,Hoover,eget.magna@erat.ca,26
Colby,Cooke,donec@nequesed.co.uk,80
Oren,Irwin,eleifend.nec@tacitisociosqu.ca,52
Odysseus,Greer,lorem@donecnibh.edu,29
Kato,Koch,enim@sagittisnullam.com,44
Ray,Newton,tellus.imperdiet@leo.co.uk,23
Lester,Stone,integer@massamauris.net,31
Barclay,Collier,quisque.varius.nam@penatibusetmagnis.net,53
Alfonso,Frost,enim.condimentum.eget@aliquam.ca,58
Lee,Callahan,sed.neque@eterosproin.com,76
Harding,Fuller,imperdiet.dictum.magna@acipsumphasellus.co.uk,66
Brenden,Brewer,in.at@eutelluseu.com,29
Ulysses,Roberson,suspendisse.aliquet.molestie@montesnascetur.net,67
Brent,Stanton,sodales.elit@arcu.net,65
Malcolm,Brown,mauris.erat@mollisduiin.org,56
Kermit,Stokes,nunc.ullamcorper@curabiturmassa.com,34
Zachary,French,arcu.vestibulum@sollicitudin.org,48
Griffith,Wade,pretium.et@enimcommodohendrerit.net,55
Simon,Mcclain,nisi@tinciduntorci.edu,67
Maxwell,Baird,venenatis.vel.faucibus@netuset.net,48
Abbot,Macdonald,tristique.pharetra@vitaediamproin.net,19
Christopher,Mccarthy,hendrerit.consectetuer@afelis.co.uk,37
Dean,Michael,libero@eratsed.com,73
Geoffrey,Villarreal,cras.sed@adui.net,65
Chaney,Navarro,euismod.in@lectus.edu,56
Lance,Mejia,gravida.molestie@disparturientmontes.ca,80
Steel,Morton,arcu.vivamus@bibendumdonec.com,63
Neville,Dotson,vivamus.nisi.mauris@dapibusrutrum.com,70
Giacomo,Peck,facilisi.sed@parturientmontesnascetur.com,54
Cooper,Stuart,aliquam.eros@etiamvestibulummassa.net,68
Axel,Carson,eleifend.non.dapibus@tempuslorem.net,80
Jack,Harding,suspendisse.tristique@interdumsedauctor.org,23
Zeus,Clarke,aliquet.magna@infaucibusorci.edu,69
Kenyon,Edwards,sapien@sit.edu,62
Merritt,Martin,faucibus.morbi.vehicula@tellussemmollis.com,46
Rudyard,Beasley,praesent.interdum@orciut.org,37
Declan,Valdez,posuere.cubilia.curae@pharetra.edu,27
Tobias,Sanford,ac.libero@risusnuncac.com,63
Richard,Compton,elit.aliquam.auctor@rhoncusidmollis.edu,47
Jin,Preston,erat@aliquam.co.uk,85
Lane,Singleton,volutpat.nulla@sociisnatoque.com,28
Evan,Lynch,dolor.egestas@posuerecubilia.co.uk,40
Basil,Vaughn,risus.duis.a@facilisis.org,26
Dale,Holland,a.neque@mauris.edu,54
Colby,Fulton,quis.turpis@scelerisquedui.com,40
Rajah,Cameron,augue.malesuada.malesuada@nislsem.com,32
Tad,Aguirre,risus.donec@non.net,67
Finn,Lambert,vitae.sodales.nisi@justo.co.uk,72
Nolan,Cook,cras@euismodurna.edu,84
Oleg,Carr,massa.non.ante@nisl.net,68
Thaddeus,Richardson,nec.leo.morbi@quisqueporttitoreros.net,69
Dexter,Witt,rutrum.urna.nec@duicum.net,82
Gareth,Banks,risus.in.mi@nonegestasa.net,55
Chester,Mccoy,nibh.vulputate@acturpis.com,82
Grant,Glass,pretium.et@sitamet.ca,68
Elmo,Aguilar,iaculis.odio@orcitincidunt.com,43
Daniel,Levy,risus@cursus.ca,60
Sebastian,Sloan,molestie.pharetra.nibh@metusurnaconvallis.edu,55
Jared,Levine,vulputate.eu.odio@diamnunc.ca,21
Carl,Chavez,elit.dictum@lacusutnec.net,66
Vaughan,Garrison,fermentum.arcu@pede.ca,75
Denton,Thompson,euismod.urna@ultriciesornare.co.uk,56
Talon,Stanley,in@sapienaenean.edu,63
David,Howell,quisque@craspellentesque.net,85
Seth,Fowler,dui.nec.urna@diampellentesquehabitant.org,71
Steven,Delgado,vel.turpis@felis.co.uk,38
Beck,Gutierrez,sed.consequat.auctor@consectetuercursus.edu,46
Hiram,Klein,eros.non@tristique.co.uk,43
Ivor,Vance,elementum.dui@dictumcursusnunc.org,31
Burton,Houston,egestas.a@maurisvestibulum.org,83
Logan,Meyer,amet.risus@tinciduntneque.co.uk,39
Abbot,Fowler,quam.a@convallis.edu,61
Colin,Quinn,eleifend.cras@sem.net,25
Keegan,Caldwell,aliquam.fringilla.cursus@nullam.ca,58
Jin,Pollard,lorem.eget@cumsociis.com,49
Oren,Daniel,porttitor.interdum@nisimauris.org,28
Kevin,Jarvis,neque@parturientmontes.co.uk,50
Herman,Bates,diam.eu.dolor@antedictum.edu,72
Kenneth,Kaufman,quisque.ornare.tortor@quam.org,57
Clark,Rosa,cursus@etmalesuada.net,21
Benjamin,Shepherd,augue.eu@nunc.net,19
Sawyer,Rodriquez,fermentum@atortor.net,53
Fitzgerald,Ryan,quis.turpis@maurismagna.co.uk,66
Oren,William,vel@molestiepharetra.com,24
Quinn,Cobb,neque.sed@eutellus.ca,80
Finn,Hood,in.aliquet.lobortis@erosproin.edu,37
Orlando,Mercado,placerat.orci@purusinmolestie.net,43
Warren,Schultz,morbi.vehicula.pellentesque@non.ca,23
Alden,Head,ridiculus.mus@donectemporest.edu,75
Joel,Pennington,elit@vulputatenisi.com,49
Dean,Herman,varius.et.euismod@quamvel.com,48
Carter,Rutledge,duis@nequenonquam.ca,76
Tate,May,ornare.facilisis@donec.com,38
Gannon,Byrd,cubilia@montesnascetur.ca,44
Amery,Curry,nec.ante@venenatis.edu,38
Michael,Lawrence,nulla.tincidunt@quisque.com,55
Tate,Soto,nullam.feugiat@proinultrices.edu,19
Kennedy,Hudson,tempor.augue.ac@nullacras.ca,75
Zahir,Glass,rhoncus.proin@anteblanditviverra.net,74
Xanthus,Case,vel.venenatis.vel@egetlacusmauris.ca,69
Harding,Wagner,commodo.hendrerit@non.com,80
Arthur,Weeks,eu.odio.phasellus@sed.net,43
Kenyon,Moss,vehicula.aliquet@tempuseuligula.co.uk,65
Raymond,Roth,donec.sollicitudin@duissitamet.com,21
Ashton,Weaver,nec@duissit.net,40
Chaim,Maynard,integer.vitae.nibh@enim.ca,75
Lionel,Reese,luctus.et@vitaemaurissit.edu,44
Seth,Huffman,odio.semper.cursus@curae.co.uk,83
Perry,Bridges,mollis.lectus.pede@necurna.com,34
Len,Walter,et.tristique@pharetrasedhendrerit.org,40
Todd,George,lectus@dictumaugue.net,64
Ross,Schultz,quisque.fringilla@atrisus.org,42
Wesley,Morin,metus.eu.erat@dictumphasellus.edu,71
Kuame,Scott,vel.faucibus@dignissimtemporarcu.ca,60
Cade,Hickman,lectus.pede@esttempor.co.uk,63
Ryan,Gutierrez,vulputate.ullamcorper.magna@sem.org,77
Philip,Strong,ante@etmalesuadafames.com,55
Joseph,Mayo,purus@fringillaporttitor.com,74
Branden,Nicholson,facilisis@utquam.edu,23
Damian,Hopper,magna@at.edu,51
Zeus,Slater,risus.donec@mauris.edu,66
Plato,Humphrey,mattis.integer@nullamscelerisque.edu,36
Jared,Drake,elit.pellentesque.a@esttempor.net,43
Channing,Porter,orci@imperdietnec.ca,29
Chaim,Wright,morbi.tristique@vulputate.org,65
Cain,Gonzales,mus.aenean@adipiscingligula.ca,21
Ashton,Miranda,sem@imperdietnec.org,83
Benedict,Kemp,massa@cras.net,72
Alexander,Myers,sed.molestie@vitaeeratvivamus.ca,53
Bert,Kelley,pretium.neque.morbi@seddictumproin.com,46
Preston,Buck,massa.integer@arcununc.edu,35
Jason,Guy,duis.volutpat@nec.ca,27
Burton,Cruz,aliquam.adipiscing.lacus@loremipsumdolor.net,44
Phillip,Dominguez,ullamcorper.velit@vehiculaet.com,58
Channing,Sheppard,ultricies.ligula.nullam@interdumsed.com,67
Brady,Hull,est@nec.org,49
Jason,Peterson,neque.venenatis.lacus@lectusjusto.org,50
Sylvester,Roberts,cubilia.curae@idante.org,65
Alexander,Marshall,elit.elit@nasceturridiculus.org,61
Forrest,Durham,elit.pretium@eleifendnon.co.uk,67
Mohammad,Bennett,euismod.mauris.eu@etlaciniavitae.com,84
Sebastian,Ellison,luctus.lobortis@massa.org,61
Zeph,Cline,tellus@vitae.edu,75
Galvin,Weaver,vulputate@conguein.com,65
Gavin,Alvarado,faucibus.ut.nulla@curabiturvellectus.com,77
Xavier,Pearson,mi.felis@aliquameu.com,41
Perry,Carrillo,sem.mollis@ategestas.edu,20
Jonas,Shannon,orci.luctus.et@purus.ca,41
Rooney,King,elit@sed.com,61
Palmer,Mejia,donec.egestas.aliquam@quisqueporttitor.edu,68
Valentine,Cervantes,nulla.integer@phasellusvitaemauris.ca,19
Dominic,Ortega,massa@nullainteger.net,40
Hasad,Blackburn,interdum.ligula@massasuspendisse.edu,72
James,Garner,ipsum@magnaa.ca,30
Elijah,Ellis,et.magnis@etrisus.net,69
Arthur,Potter,dolor.quisque@donecegestasaliquam.edu,71
Micah,Dillon,massa@liguladonecluctus.com,35
Thor,Lynch,eu@tristique.net,25
Vance,Osborn,porttitor.vulputate.posuere@erat.co.uk,80
Linus,Calderon,diam.vel.arcu@magnanamligula.com,64
Herrod,Short,nec@tinciduntpede.com,37
Randall,Barker,fames@luctussit.ca,31
Dillon,Underwood,ac@necmalesuada.edu,67
Bevis,Potts,nulla.interdum@maecenaslibero.edu,77
Fitzgerald,Hayden,pede.blandit@ipsumdolor.ca,78
Jarrod,Nieves,et.nunc.quisque@erategettincidunt.edu,81
Deacon,Andrews,nunc@libero.com,21
Zeph,Moon,risus.donec@musdonecdignissim.co.uk,77
Ira,Bowers,eleifend@afacilisis.org,82
Christian,Everett,pretium.neque.morbi@vestibulum.ca,70
Forrest,Mckee,adipiscing.elit@auguescelerisque.edu,26
Chadwick,Spears,elementum.sem.vitae@in.edu,59
Gabriel,Garrison,etiam.bibendum@pede.org,43
Sean,Bowen,ac.nulla@tincidunttempus.co.uk,52
Donovan,Head,in.lorem.donec@euismodindolor.com,35
Vincent,Black,cras.vehicula@necmollisvitae.com,42
Sylvester,Lloyd,lorem@vestibulumante.com,27
Yasir,Bolton,magnis.dis@sem.edu,79
Camden,Cruz,vestibulum.lorem.sit@aenimsuspendisse.co.uk,19
Rahim,Saunders,pretium.aliquet.metus@diameu.ca,69
Aidan,Avery,donec.tincidunt@facilisissuspendisse.net,39
Dalton,Cole,a.auctor@dis.ca,22
Donovan,Gregory,risus.nulla@ante.co.uk,25
Levi,Bailey,ac.eleifend.vitae@ultriciesdignissim.co.uk,63
Yoshio,Fleming,nascetur@nonlobortis.org,52
Aaron,Schwartz,eu.nibh@hendrerit.co.uk,25
Kuame,Carson,adipiscing@cumsociis.net,70
Ethan,Jefferson,elit@iaculisodio.ca,68
Geoffrey,Terry,vivamus.nibh@consequatlectus.net,27
Benjamin,Lamb,non.bibendum.sed@etmalesuadafames.edu,62
Dale,Wong,quisque.porttitor.eros@tempusrisus.com,60
Griffin,Stark,nisl@phasellusornarefusce.com,76
Barry,Evans,lectus.ante@praesenteunulla.co.uk,47
Yuli,Cherry,erat.vivamus@scelerisquescelerisquedui.edu,52
Ulysses,Sims,enim.nunc.ut@proinvelit.net,54
Odysseus,Rivas,eu@vehicularisusnulla.org,76
Wallace,Osborne,curabitur.vel@liguladonec.edu,56
Quinlan,Madden,parturient@parturientmontes.co.uk,84
Simon,Warren,aliquam@estvitae.org,34
Dalton,Hoffman,velit.eu@duismienim.org,60
Raymond,Copeland,non.enim@urnajustofaucibus.com,33
Barrett,Ferguson,egestas@dolor.edu,43
Brandon,Dominguez,rhoncus@vivamusrhoncus.com,65
Evan,Larson,cras.dictum@auguemalesuada.org,24
Armando,Gomez,non.sapien@convallis.com,69
Jermaine,Gibson,ut@tinciduntpedeac.net,43
Jared,Everett,cras.pellentesque.sed@odiovel.edu,53
Mason,Sparks,convallis@pedeet.com,29
Ira,Burgess,donec.est@naminterdum.org,31
Berk,Wade,sem.consequat.nec@ipsumportaelit.com,81
Jackson,Mayo,malesuada.fringilla@vel.com,65
Sean,Drake,leo.in@egetlaoreet.net,33
Abdul,Colon,sem.mollis.dui@perconubia.net,67
Wang,Rush,faucibus.orci.luctus@aliquetodio.net,41
Brian,Griffin,dictum@gravidanonsollicitudin.ca,59
Cody,Peck,vitae.orci@diameu.ca,57
Ian,Kane,quisque.libero.lacus@enimetiam.co.uk,61
David,Donovan,duis.risus@ipsumsuspendisse.ca,54
Joshua,Browning,nullam@curabiturut.org,74
Keegan,Duncan,aliquam@sodales.edu,55
Fuller,Curtis,semper@ultriciesdignissimlacus.org,53
Timothy,Sexton,curabitur@parturientmontes.ca,52
Arden,Watson,ornare.lectus.justo@enimsitamet.org,51
Hunter,Bailey,ridiculus.mus.proin@egettinciduntdui.net,68
Arthur,Cross,mi.pede@molestiein.net,30
Lucas,Ward,quis.pede@suspendissenonleo.co.uk,73
Armando,Abbott,sociis@nuncpulvinar.ca,19
Matthew,Barrett,vitae.aliquet.nec@praesent.com,84
Micah,Mullins,consectetuer.rhoncus@blanditconguein.org,55
Joshua,Hansen,luctus.vulputate@malesuadamalesuadainteger.co.uk,80
Colorado,Pollard,ultrices.a@telluslorem.net,53
Timon,Wilkins,quis.arcu@mattissemperdui.edu,27
Addison,Molina,interdum.curabitur@natoquepenatibus.com,51
Colton,Christensen,scelerisque.scelerisque@nuncsed.org,49
Jerome,Alvarado,quis@elementumsemvitae.edu,71
Hall,Phelps,vitae.sodales@lectusjusto.edu,63
Tad,Stewart,molestie@risusinmi.edu,29
Tucker,Bates,ut@sociisnatoque.ca,47
Jelani,Petty,dui.quis@vestibulum.net,84
Jordan,Glenn,sit@diam.org,49
Tarik,Pittman,nunc.ac.sem@iaculislacuspede.org,30
Finn,Clayton,non.arcu@maecenasiaculis.ca,67
Nissim,Horn,nec.cursus.a@eu.edu,36
Myles,Sloan,lorem@convallisest.edu,67
Joseph,Dennis,felis.nulla@nec.com,63
Brett,Craig,mauris.ipsum@pretiumet.net,22
Wyatt,Jones,nulla.tincidunt.neque@diamnunc.ca,45
Tanner,Phillips,eget@tinciduntnunc.org,29
Tyler,Morin,ipsum.donec@fuscealiquet.co.uk,23
Clarke,Willis,enim.non@urnaconvallis.org,44
Dennis,Reese,phasellus.nulla@lectuspede.edu,51
Devin,Gallegos,in.consequat.enim@nullamvelit.ca,37
Edan,Villarreal,magna@sitamet.org,59
Howard,Daugherty,nunc@aliquetvel.org,30
Norman,Schwartz,mauris.vel.turpis@sitamet.co.uk,67
Cody,Jensen,arcu.eu@donecnibh.com,25
Callum,Kent,quis.pede@vitaealiquet.org,25
Seth,Stuart,duis.ac.arcu@ornareegestas.co.uk,30
Cameron,Houston,ligula.consectetuer.rhoncus@ac.ca,23
Ulysses,Lott,lorem.semper@nasceturridiculusmus.net,18
Rooney,Woodward,cras.convallis.convallis@mattissemper.org,55
Fuller,O'connor,nullam@justoeuarcu.org,28
Otto,Bentley,ac@utdolor.edu,23
Alden,Hardin,mollis.duis.sit@lacusnulla.com,81
Arthur,Schneider,nisi.mauris@necorcidonec.org,63
Robert,Wright,at.iaculis@integer.org,24
Murphy,Kelly,nunc.lectus@arcuvestibulumante.co.uk,37
Dennis,Ferguson,nec.diam@sedhendrerita.org,63
Nasim,Rosario,lacus@per.edu,52
Oren,Bryan,laoreet.posuere@metusin.ca,51
Adam,Bradley,tortor.at.risus@donecnibh.org,49
Gregory,Mckinney,ullamcorper.magna.sed@indolor.org,69
Joel,Coleman,lectus.justo.eu@sedpharetra.org,58
Coby,Lynn,eget@facilisisvitaeorci.org,29
Amir,Doyle,at@atpedecras.co.uk,79
Lucius,Smith,semper.pretium.neque@natoque.net,24
Magee,Ashley,eu@ultriciesadipiscing.co.uk,62
Reuben,Buck,lorem@crasconvallisconvallis.ca,80
Knox,Leblanc,vivamus.nisi@magnisdis.net,64
Lamar,Park,consectetuer@antedictummi.net,41
Brennan,Moreno,magnis.dis@laoreetlectus.com,49
Jermaine,Hill,vulputate@etultricesposuere.ca,50
Kenneth,Woodward,a.sollicitudin.orci@vivamusnisi.co.uk,20
Cameron,Roberson,felis.donec.tempor@velarcu.co.uk,42
Shad,Hinton,magnis.dis.parturient@sempertellus.ca,38
Oscar,Elliott,id@mollisvitae.net,80
Brock,Mcdaniel,ornare.sagittis@felisnullatempor.net,66
Wyatt,Solomon,morbi@mollisduis.org,39
Elmo,Dunn,enim@necmauris.co.uk,34
Herrod,Davis,dolor.quam@suspendissealiquet.net,18
Thane,Garner,magna.sed@vestibulumut.edu,49
Chaney,Schroeder,et.magnis@quam.ca,40
Cyrus,Mercer,a@blanditatnisi.com,61
Erasmus,Vang,risus@condimentumeget.co.uk,37
Ross,Jenkins,eget.mollis@loremtristiquealiquet.ca,58
Chaney,Whitley,risus.donec@elit.org,21
Lawrence,Maxwell,donec@semegestas.edu,19
Valentine,Wheeler,ante.iaculis@lectusquis.ca,19
Zeus,Noel,vitae.purus@ametorci.net,61
Hector,Johns,elit.pede@maurisaliquameu.org,48
Barclay,Harvey,dignissim.lacus.aliquam@donecdignissim.edu,78
Guy,Noel,amet.ornare@diamproindolor.co.uk,75
Colorado,Wilkins,varius.orci@vitaediam.edu,36
Aaron,Hodges,arcu.vivamus@velarcu.ca,80
Cameron,Calderon,sed.nunc.est@mauriseuelit.net,51
Akeem,Finch,lorem.eget@ligula.com,75
Arden,Howard,congue.elit@luctuslobortisclass.net,24
Sebastian,Bentley,mi.duis@nonummyipsum.ca,82
Tanner,Dillard,pharetra.ut@quisurna.ca,31
Theodore,Jefferson,morbi.vehicula.pellentesque@habitantmorbi.com,44
Kasper,Maldonado,nisi.dictum@atliberomorbi.org,82
Quentin,Willis,eu.enim@et.co.uk,29
Jasper,Terrell,lectus.pede@nec.org,65
Isaiah,Burke,erat.etiam.vestibulum@tellusid.org,42
Garth,Lynn,egestas.aliquam.fringilla@eu.co.uk,47
Paki,Mills,rutrum.eu@et.edu,59
Quamar,Eaton,nisi.magna@bibendumullamcorper.co.uk,19
Clark,Stephens,nulla.eget@idrisus.edu,24
Matthew,Morrison,cursus.et@craseu.edu,75
Forrest,Ramirez,natoque.penatibus.et@luctusipsum.net,75
Nasim,Cantu,ipsum.dolor@ataugue.net,27
Lane,Mcmillan,non.massa.non@quisqueporttitor.edu,30
Stone,Calderon,nunc.ac@ac.org,48
Reese,Keith,lectus@ornaretortorat.com,68
Timon,Galloway,odio.semper@eu.ca,40
Scott,Landry,amet@morbiquis.net,51
Wallace,Andrews,scelerisque.lorem.ipsum@vitaerisus.co.uk,35
Aidan,Price,sapien.cursus.in@nonarcu.ca,70
Barrett,Perez,ligula.nullam@lacuspedesagittis.org,63
Reed,Marquez,placerat.cras@vestibulum.com,82
Nissim,Montoya,maecenas.iaculis.aliquet@mattis.ca,42
Clayton,Manning,magnis.dis@nislsem.co.uk,32
Hamish,Hunt,ut.pharetra@egetdictumplacerat.net,73
Jakeem,Petersen,tortor.at.risus@dolorelit.co.uk,47
Stuart,Jarvis,eget.volutpat@sedsapien.org,70
Hamish,Ferrell,a.mi@variusorciin.ca,66
Ross,Meyer,nec.diam.duis@mollisnec.net,56
Luke,William,tincidunt.nunc@semperpretiumneque.com,45
Colorado,Case,orci.adipiscing@aenimsuspendisse.ca,51
Upton,Collins,pharetra.ut@porttitoreros.co.uk,58
Gary,Hogan,auctor@gravida.org,78
Jelani,Mclean,cursus.luctus.ipsum@sedturpis.co.uk,59
Zeus,Clemons,eget.odio.aliquam@phasellusin.net,62
Stewart,Valdez,sollicitudin.a@semper.ca,22
Matthew,Marsh,tincidunt.vehicula.risus@necante.org,82
Joel,Blair,lacus.etiam@imperdietnec.ca,57
Hoyt,Oneil,molestie.dapibus.ligula@vulputatemauris.net,48
Zeus,Anderson,ipsum@euismodest.edu,20
Emerson,Hudson,nec.urna@tortornunc.edu,56
Tucker,Hunt,mollis@donecnibhenim.net,20
Lev,Norris,felis.nulla@velitegestas.org,27
Justin,Cervantes,in.lorem.donec@tellussem.net,76
Christian,Donovan,a.purus@aliquamiaculis.com,54
Daquan,Herring,non@sedpede.net,66
Geoffrey,Clemons,cras.dolor@euismodetcommodo.co.uk,52
Donovan,Livingston,maecenas@pretiumaliquet.edu,24
Travis,Montoya,cursus@lobortisrisus.net,40
Garth,Rosario,tellus.suspendisse.sed@ligula.co.uk,21
Joel,Snyder,lacus.mauris@euismodacfermentum.edu,76
Erich,Moss,vivamus.nisi@utnisi.ca,60
Flynn,Cummings,ligula.nullam.feugiat@enimdiam.edu,62
Graham,Sloan,non.enim@amet.org,36
Adam,Mccarthy,non@conubianostra.com,57
Owen,Wall,malesuada.integer.id@vehiculaet.edu,84
Troy,Mayer,vehicula.aliquet.libero@imperdietnecleo.org,46
Lyle,Colon,lacus@orciquis.org,72
Boris,Pierce,augue.id.ante@ideratetiam.ca,78
Bevis,Haney,arcu.aliquam@tellusnunclectus.org,46
Graiden,Sparks,suspendisse.commodo@vulputateveliteu.co.uk,77
Nash,Farley,consectetuer.euismod@sednulla.co.uk,81
Aidan,Hutchinson,enim@non.edu,35
Clayton,Lane,vel.mauris@sedsem.edu,59
Edan,Rodriquez,velit.justo@loremvehiculaet.co.uk,18
Shad,England,vestibulum.nec@et.ca,78
Bruno,Glass,sed.facilisis@erosnam.edu,57
Jacob,Dorsey,cras@necante.net,51
Ronan,Jacobson,dui.lectus@accumsanlaoreet.com,51
Nigel,Huffman,natoque.penatibus@magnaaneque.co.uk,37
Chaney,Benjamin,euismod.in@nunc.edu,30
Blake,Hinton,duis.gravida@pede.co.uk,58
Finn,Bauer,lorem@tinciduntnequevitae.ca,83
Lawrence,Morgan,enim.suspendisse@orcidonec.org,45
Chaney,Wilkinson,consectetuer.adipiscing@lorem.co.uk,29
Malcolm,Turner,vel.convallis@hendreritneque.net,77
Philip,Rivers,placerat.augue@nuncut.org,69
Daniel,Case,magna@ligulanullam.ca,31
Fritz,Ferguson,sit.amet@duifuscediam.com,80
Knox,Mclean,vitae.semper@netuset.net,38
Joseph,Dixon,molestie@lorem.com,74
Wallace,Cantrell,malesuada.fames@ametluctus.ca,51
Alan,Saunders,ante.blandit.viverra@ipsumleo.net,66
Colby,Bryant,tristique.aliquet.phasellus@utipsum.co.uk,40
Damon,Porter,cursus@orciconsectetuereuismod.org,41
Emery,Pena,convallis.ante@diamvelarcu.co.uk,84
Abbot,Richards,vestibulum.ante@odiophasellus.org,76
Adam,Vaughan,morbi.tristique@pellentesqueultricies.co.uk,57
Samson,Sims,est.ac@odiotristiquepharetra.net,85
Hamilton,Greer,ac@cursusnon.com,57
Beau,Bryant,arcu@vulputaterisusa.com,84
Chaney,Hensley,lacus.nulla@in.co.uk,80
Declan,Hickman,suspendisse.ac@pharetranibh.org,66
Paul,Ewing,auctor@lacusut.edu,24
Tyler,Santos,risus.morbi.metus@quisdiamluctus.com,54
Byron,Gilbert,eu.augue@rutrum.edu,32
Armando,Roberts,nibh.sit.amet@sitamet.co.uk,82
Oliver,Christensen,a.aliquet@sedturpisnec.ca,80
Yuli,Coffey,nonummy@ullamcorperviverramaecenas.net,57
Garrison,Frye,eu.ligula@quamvel.ca,68
Duncan,Sellers,odio.etiam.ligula@mauriseu.edu,56
Reese,Wright,placerat@ipsumdolorsit.ca,74
Brendan,Bright,tristique.senectus@phasellus.com,74
Jack,Romero,nascetur.ridiculus@vehicularisus.org,48
Wang,Mckee,malesuada.fames.ac@famesac.ca,33
Dominic,Jarvis,duis@fringilla.edu,70
Tad,Mathews,maecenas.malesuada@vitaesemper.ca,72
Owen,Murphy,dui.lectus@mauris.edu,46
Donovan,Vazquez,diam.duis@sedfacilisisvitae.ca,84
Brenden,Andrews,et.eros@eusem.com,28
Owen,Zimmerman,dolor.fusce.feugiat@sodalesat.com,49
Armand,Gallegos,a@tinciduntvehicula.org,63
Derek,Sherman,consectetuer.cursus@sociisnatoque.co.uk,80
Lane,Talley,accumsan.neque@nuncut.net,63
Benedict,Swanson,vestibulum.accumsan@nasceturridiculusmus.co.uk,45
Mohammad,Gates,eleifend.cras@acrisus.com,84
Eagan,Nieves,morbi.non@lectussit.org,59
Axel,Maynard,lacus.mauris.non@aliquet.edu,22
Merrill,Terrell,aliquam@hendreritnequein.co.uk,62
Kareem,Tillman,donec@faucibus.ca,26
Palmer,Flores,etiam.ligula@faucibusorci.com,20
Tiger,Barber,ut@conguea.edu,42
Simon,Robinson,et.euismod.et@pellentesquetincidunt.net,73
Ryan,Stout,erat.vitae.risus@velmaurisinteger.com,64
Walker,Stout,sem@adipiscingelit.org,27
Jordan,Knowles,eros.nam.consequat@nunc.net,68
Oleg,Hahn,felis.purus@crasconvallis.net,69
Arsenio,Estes,at.velit@massavestibulum.org,66
Edward,Green,dui.suspendisse@posuerevulputate.co.uk,38
Otto,Wall,donec.elementum@risusdonecegestas.ca,73
Robert,Kramer,ac@mollis.net,40
Fitzgerald,Good,donec@pellentesque.co.uk,38
Gareth,Wall,tincidunt.orci.quis@elementumlorem.co.uk,76
Honorato,Bryan,amet.consectetuer@sodales.net,53
Fritz,Robbins,cursus.integer@tellusaenean.edu,32
Derek,Joyce,ornare.libero.at@magnisdisparturient.edu,40
Brian,Craft,in@ipsumphasellusvitae.org,43
Amery,Durham,dui@facilisisnonbibendum.ca,38
Aaron,Ware,in.magna.phasellus@atsemmolestie.edu,43
Brody,Holland,amet.ante@ultricesaauctor.edu,36
Dennis,Kerr,eu@magna.co.uk,25
Holmes,Riggs,ac@feugiat.com,22
Giacomo,Hubbard,curabitur@pellentesquetincidunttempus.org,60
Kenneth,Savage,convallis.dolor@sedet.org,83
Damian,Talley,mi@tortordictumeu.edu,63
Chancellor,Cash,odio.etiam@sednecmetus.net,23
Mohammad,Nicholson,massa.lobortis.ultrices@mattissemperdui.com,26
Malcolm,Roberson,vitae.erat@tempusrisus.com,27
Kasimir,Pugh,praesent@nislsem.com,23
Jordan,Hooper,ornare.sagittis@amet.net,64
Hedley,Cohen,imperdiet.non@habitantmorbitristique.com,54
Coby,Pruitt,malesuada.integer@nuncmauris.org,48
Thomas,Drake,pede.et@mauris.com,19
Owen,Lambert,odio.vel@ametultriciessem.org,65
Samuel,Clayton,donec.felis@donecegestas.ca,60
Lyle,Strong,commodo@donecelementum.ca,27
Abbot,Powers,integer.aliquam.adipiscing@metusurnaconvallis.edu,37
Rigel,Gallagher,enim@vitae.co.uk,23
Brody,Tate,nulla.integer.vulputate@ultricies.com,74
Zachary,Downs,dui.augue@blanditatnisi.org,63
Igor,Randolph,pharetra.nam.ac@semperdui.com,32
Oscar,Downs,lectus.quis@musproinvel.com,43
Nathaniel,Gonzales,fermentum.risus@volutpatornare.ca,58
Bruno,Fitzgerald,amet.orci.ut@cumsociisnatoque.ca,65
Robert,Lara,sociis.natoque@donecnibh.edu,79
Leo,Wells,cum.sociis@ipsumsuspendissesagittis.ca,75
Hector,Lang,nulla.facilisi.sed@ut.org,24
Hammett,Horton,est.congue@seddictum.org,58
Felix,Morse,at.egestas@nullainteger.com,53
Orson,Bray,urna.et@tristiquepellentesquetellus.net,60
Daquan,Mccray,in@idante.co.uk,58
Nathan,Velez,pharetra.quisque.ac@dis.net,55
Jonas,Savage,pellentesque.eget.dictum@penatibusetmagnis.net,63
Kareem,Cummings,tempus@nuncsedlibero.edu,27
Wing,Romero,ante.blandit.viverra@nisimagna.com,61
Grant,Morton,semper.nam.tempor@maurisrhoncus.co.uk,35
Devin,Harris,eget.volutpat@maurisrhoncus.ca,71
Clark,Ramsey,sit@aliquamauctor.edu,79
Jared,Cole,quisque.varius.nam@dictumsapien.co.uk,71
Wayne,Richardson,accumsan.sed.facilisis@phaselluselitpede.net,31
Daquan,Morrison,molestie.sodales.mauris@amagna.org,49
Xavier,Summers,nulla.facilisis@porttitor.org,26
Lester,Kline,nonummy.ut.molestie@faucibus.com,73
Jack,Kelly,tortor.nunc@ullamcorpernislarcu.net,29
Kuame,Mckay,neque.pellentesque@posuerecubilia.net,52
Castor,Lewis,mollis.vitae@netusetmalesuada.co.uk,29
Buckminster,Mullen,aliquet.metus@magnanam.co.uk,47
Octavius,Chen,eu.neque@egetipsum.com,67
Sebastian,Daugherty,molestie@ligulaaeneaneuismod.net,75
Fitzgerald,Hatfield,sit@urna.ca,41
Adam,Tucker,dictum.eu@felisdonec.ca,57
Aquila,Owens,mauris.ut.mi@ornareelit.edu,40
Kasper,Rosario,ornare.in.faucibus@dolorsit.co.uk,50
Emery,Mcdaniel,aenean.euismod@namtempor.edu,40
Damon,Fry,pharetra.ut@volutpat.ca,27
Ferdinand,Parsons,vestibulum@scelerisqueneque.net,73
Cruz,Meyers,sodales.at@natoque.org,47
Tiger,Todd,purus@inhendrerit.net,62
Zane,Fry,augue.eu.tellus@velitquisque.edu,27
Oren,Poole,nascetur.ridiculus@purussapiengravida.org,83
Ronan,Larson,nisi@consectetuermaurisid.org,57
Keane,Palmer,facilisis.suspendisse@venenatisvel.edu,19
Ross,Glenn,felis.eget@tellus.ca,21
Colby,Phelps,imperdiet.ornare@estarcuac.ca,67
Griffith,Herrera,penatibus.et@libero.com,40
Theodore,Jensen,sit.amet@lectusquis.edu,42
Brock,Franklin,malesuada.vel@lacus.co.uk,68
Garrett,Thompson,nulla.integer.vulputate@odio.co.uk,50
Acton,Casey,fusce.aliquet@auctor.co.uk,31
Levi,Waters,urna@sociisnatoque.co.uk,36
Wang,Morales,ac.urna@vulputateeu.edu,22
Nissim,Malone,at.pretium.aliquet@sempererat.net,46
Brendan,Nunez,auctor@cubiliacurae.org,67
Hakeem,Blackburn,tortor.dictum.eu@maurisnulla.ca,64
Kato,Armstrong,amet.ornare@mollisnon.org,21
Cedric,Ellison,in.sodales@donecelementum.edu,82
Benjamin,Wade,mi.aliquam@crasinterdum.net,81
Yasir,Lopez,luctus.ut.pellentesque@nibh.org,56
Tanner,Griffin,odio.etiam@duissit.org,44
Lionel,Rodriquez,iaculis.aliquet@loremsemper.edu,73
Macaulay,Weeks,nonummy.ultricies@erateget.com,51
Raphael,Burgess,arcu.eu@turpisnec.org,39
Tad,Keller,maecenas.mi@ullamcorpermagna.net,26
Daquan,Holcomb,interdum.ligula.eu@nunc.org,76
Graham,Douglas,sociis@ipsum.org,62
Hamish,Decker,gravida@nuncpulvinar.com,66
Barry,Ferrell,eleifend@elementumat.ca,78
Calvin,Stanley,libero.est@liberoet.net,85
Buckminster,Hansen,ullamcorper.velit@antenuncmauris.co.uk,68
Carson,Jenkins,sodales.elit@craspellentesque.co.uk,83
Guy,Rosa,mauris.sit@sitamet.org,54
Ivan,Zamora,justo.praesent@pellentesqueeget.edu,76
Lev,Cunningham,ac.feugiat@rhoncusid.com,25
Clayton,Walker,nec.orci.donec@acturpis.com,47
Brenden,Petty,rhoncus@nibh.com,38
Noah,Ramsey,libero@quisque.co.uk,73
Julian,Avery,ipsum.suspendisse@nisimagna.com,65
Aidan,Rowland,sit.amet@imperdietnec.edu,32
Lars,Solomon,cursus.integer@enim.co.uk,23
Brenden,Sims,consectetuer.ipsum@tempor.org,76
Cody,Montgomery,egestas.aliquam@sedmalesuadaaugue.net,42
Cyrus,Cain,egestas.a@vitae.edu,81
Fuller,Harrington,vivamus.nisi@malesuada.edu,33
Richard,Reese,vulputate.dui.nec@ornare.edu,82
Oleg,Sanford,magna.sed@idenimcurabitur.ca,80
Gregory,Aguirre,feugiat.tellus.lorem@lacusmaurisnon.co.uk,53
Kieran,Combs,congue.in.scelerisque@necurna.co.uk,55
Jasper,Guy,justo.nec@estconguea.com,70
Calvin,Snider,donec@etmagnis.com,73
Perry,Key,dictum.placerat@pede.edu,22
Travis,Armstrong,fames.ac.turpis@aptent.co.uk,39
Kane,Kelley,non.arcu@senectuset.com,85
Oscar,Allen,mi.pede@velitjusto.com,64
Charles,Newton,elit@semnulla.edu,38
Bert,Robinson,non@eratvivamus.edu,20
Justin,Mcfarland,risus@viverramaecenas.edu,84
Forrest,Diaz,gravida.sagittis@sedliberoproin.ca,48
Chandler,Leach,vitae.dolor@orcidonec.net,50
David,Gardner,ut.ipsum.ac@a.ca,35
Alec,Mosley,eu.eleifend@ligulaconsectetuer.net,20
Bernard,Moore,urna.et@blanditnamnulla.net,36
Aladdin,Lott,commodo.ipsum@tortornunc.co.uk,36
Walker,Mcdonald,neque@auctorullamcorpernisl.net,72
Lamar,Daniel,elementum@infelis.com,82
Dean,Mckee,amet@vivamusnibh.net,51
Lamar,Noble,laoreet@interdumsedauctor.net,50
Elijah,Phelps,id@congueturpisin.ca,21
Chadwick,Mccullough,eleifend.egestas@massaquisque.net,44
Baker,Hubbard,ornare.egestas@justonecante.ca,43
Steven,Burch,vulputate.ullamcorper@disparturient.edu,81
Ciaran,Hamilton,molestie.sodales@mollisduis.com,56
Aidan,Chandler,mauris.ut@fusce.com,37
Jason,Johnston,ipsum@aliquam.co.uk,38
Paul,Strickland,donec@sedturpis.co.uk,51
Phelan,Barry,dictum.eu@nascetur.ca,32
Lev,Walls,ut.nisi@fermentumconvallisligula.com,24
Thor,Herrera,dictum.proin@donecelementumlorem.co.uk,84
Flynn,Head,dolor.fusce@etiamligula.co.uk,49
Kadeem,Clements,egestas.aliquam.fringilla@sitamet.ca,79
Coby,Doyle,donec.est@atpede.ca,51
Brock,Harper,aliquam.fringilla@nequesed.co.uk,84
Tiger,Kane,mi.felis@donec.com,44
Nathan,Barnett,aenean.euismod@eteuismod.org,61
Mufutau,Mcconnell,ac.fermentum@erosnam.edu,36
Asher,Lindsay,vitae@maurisintegersem.co.uk,70
Fitzgerald,Stevenson,nonummy.ultricies.ornare@tellus.ca,30
Jakeem,Keller,aenean.sed@ac.ca,19
Nolan,Rogers,ut.nulla.cras@loremsemper.com,43
Zephania,Tucker,consectetuer.rhoncus.nullam@acmetus.edu,72
Zephania,Anderson,in@ornarelectusjusto.ca,50
Quentin,Evans,magna.malesuada.vel@sodalesmaurisblandit.edu,46
Dexter,Stuart,justo.sit@magnasuspendisse.co.uk,84
Dominic,Newton,donec.dignissim@duis.edu,49
Tate,Barber,sapien@sagittisnullamvitae.org,64
Omar,Mercer,feugiat.sed@convallis.org,54
Ferris,Myers,pede@integermollisinteger.net,38
Laith,Shepard,dictum@nonhendrerit.net,23
Timothy,Cole,libero.dui@atvelit.co.uk,30
Seth,Odom,id@inmolestietortor.com,59
Vincent,Francis,nec@imperdiet.net,55
Nehru,Tucker,mauris.integer.sem@idmagnaet.ca,44
Asher,Ruiz,nunc@acfacilisis.org,55
Michael,Gentry,odio.vel.est@pedesuspendissedui.ca,43
Jasper,Franklin,aliquet.diam.sed@erat.co.uk,29
Dillon,Smith,nulla.integer@anuncin.com,74
Ali,Robbins,ligula.elit@dolortempus.ca,61
Fritz,Mercado,libero.est@et.net,84
Vance,Short,non.arcu@quis.ca,20
Blake,Ramsey,etiam.imperdiet.dictum@elitpretium.ca,66
Ira,Reeves,vel.pede@utdolor.com,83
Louis,Mcpherson,etiam.bibendum@primisinfaucibus.ca,62
Joshua,Wood,cursus.a.enim@lectus.org,56
Hammett,Cohen,eu.augue@semegetmassa.net,47
Hakeem,Foley,metus.aliquam@curabitur.co.uk,34
Kibo,Soto,accumsan.neque@cumsociis.co.uk,73
Vincent,Salas,praesent.eu@vestibulumanteipsum.org,19
Warren,Torres,ornare.libero@phasellusdolor.edu,31
Paki,Tillman,ridiculus.mus@morbitristique.org,22
Ciaran,Macias,aliquet.molestie@varius.org,18
Ulysses,Mays,risus.duis@purusin.edu,72
Jamal,Rasmussen,ridiculus.mus@tellusnon.org,45
Mohammad,Harper,lacus.etiam@scelerisquescelerisque.edu,27
Joel,Petersen,aliquam.eu@euenim.co.uk,40
Ross,Romero,mauris.integer.sem@sedneque.com,46
Dieter,Anderson,arcu.aliquam@vitae.edu,49
Trevor,Heath,cras.dolor@mauris.com,64
Burke,Humphrey,a@porttitortellus.net,46
Castor,Holt,vel.quam@amifringilla.ca,38
Gabriel,Holmes,neque.sed.dictum@dui.edu,63
Zeus,Rivers,leo@nulla.ca,50
Henry,Kelly,justo.nec@vitae.edu,45
Odysseus,Valdez,justo.faucibus@utsagittis.edu,56
Hu,Miller,lorem.lorem@gravidaaliquam.ca,62
Chase,Tillman,donec.fringilla@proinvel.ca,53
Duncan,Christensen,et.ipsum@pedenonummy.ca,65
Luke,Weber,urna@luctuscurabituregestas.co.uk,65
Kuame,Crawford,accumsan.laoreet.ipsum@auctor.com,26
Mannix,Weiss,commodo.auctor@dolordolor.com,68
Macon,Rojas,tortor@vel.co.uk,81
Baxter,Flores,consectetuer.cursus@auctornon.com,47
Carlos,Underwood,sed@dictumeu.net,78
Ivan,Freeman,arcu.sed.et@vivamussit.com,46
Baxter,Hines,aliquet.magna.a@conguea.edu,26
Vance,Estrada,tincidunt.nibh.phasellus@proin.edu,82
Galvin,Shaffer,non.sapien@pedenec.edu,64
Ashton,Gonzales,pretium.aliquet@ut.net,56
Sylvester,Cortez,posuere@ligulanullam.co.uk,84
Aladdin,Pace,ante.lectus@etnetus.co.uk,55
Quamar,Barnett,ante.bibendum@egettincidunt.net,82
Upton,Mcintyre,lorem.eu.metus@maurisvestibulum.co.uk,79
Preston,Lynn,purus@nunc.edu,50
Zeph,Moran,egestas@ac.edu,51
Gil,Schultz,facilisis@mifringillami.org,48
Brock,Gamble,vel.mauris.integer@habitant.co.uk,78
Duncan,Potts,odio.tristique@nascetur.org,57
Victor,Sawyer,tempus.risus.donec@egestassed.co.uk,51
Aladdin,Dejesus,fusce@lectusrutrumurna.net,72
Blake,Roach,pharetra.sed@sagittis.net,39
Derek,Stone,rutrum.lorem.ac@commodoauctor.net,31
Brock,Drake,lorem.lorem.luctus@cursusnon.ca,38
Keith,Beasley,dictum.sapien@nisiaenean.ca,51
Finn,Brennan,iaculis.nec.eleifend@blandit.edu,38
Levi,Johnston,conubia.nostra.per@cursusnuncmauris.ca,51
Yuli,Kaufman,aliquet.diam@ligulanullamenim.co.uk,62
Kadeem,Holt,cras.dolor@inlorem.org,29
Dante,Nolan,nibh@acmattis.edu,72
Hakeem,Shaw,volutpat.nulla@phasellusnulla.net,77
Lionel,Olsen,metus@orci.ca,45
Allistair,Griffin,imperdiet.nec.leo@nuncmauris.co.uk,53
Henry,Rogers,tristique@nullamfeugiat.edu,24
Uriah,Blake,sed.neque.sed@sapienmolestie.co.uk,39
Vladimir,Chase,etiam.imperdiet.dictum@egetmagna.net,75
Benedict,Mcclure,faucibus@interdumenim.org,33
Tarik,Bray,non.luctus.sit@sodales.org,80
Kenyon,Martin,vel.venenatis.vel@necdiam.com,74
Eagan,Burgess,lectus.ante@scelerisque.net,51
Raja,Slater,vestibulum.ante@necimperdiet.co.uk,33
Lucius,Donaldson,donec@felisnullatempor.co.uk,24
Lev,Lambert,iaculis@penatibuset.co.uk,19
Vernon,Valdez,urna.ut@sitamet.net,51
Abbot,Elliott,eu@sem.co.uk,68
Joshua,Watkins,ligula.aenean.euismod@sitamet.edu,27
Kadeem,Hodge,placerat@quis.net,41
Allistair,Prince,eu.metus.in@justoeuarcu.edu,83
Flynn,Mooney,ut.cursus@pharetra.co.uk,41
Chase,Wallace,ullamcorper.viverra.maecenas@dapibus.co.uk,41
Grady,Howard,ac.libero@neque.co.uk,61
Gregory,Vasquez,vivamus.sit@cursusetmagna.edu,21
Joshua,Joyce,dui.cras@enim.org,22
Rashad,Mccormick,arcu@nunc.org,30
Reuben,Floyd,nonummy.fusce@famesac.ca,74
Drew,Goff,a.ultricies.adipiscing@liberomauris.ca,55
Abel,Levine,vulputate.nisi@pedeblandit.org,35
Oliver,Pitts,pede.sagittis@feugiatsed.edu,49
Asher,Fitzpatrick,mollis.lectus@pretiumaliquet.net,22
Avram,Mullins,euismod.est@tempor.ca,61
Deacon,Mcmahon,eu@sedpharetra.ca,21
Jonas,Dyer,fermentum@velitcraslorem.ca,40
Austin,Dejesus,consectetuer.ipsum@crasdolor.edu,45
Eaton,Mercer,dignissim.maecenas.ornare@suspendisse.com,84
Harper,Fuller,nascetur.ridiculus.mus@donecegestas.net,73
Erich,Holmes,donec.felis@faucibuslectusa.com,37
Jonah,Holland,urna@primisinfaucibus.ca,80
Vance,Mays,lorem.donec@elit.ca,57
Hammett,Moreno,cubilia.curae@luctuslobortisclass.ca,19
Vaughan,Baker,mauris.rhoncus@urnanecluctus.org,45
Darius,Bruce,montes.nascetur@leoinlobortis.com,22
Arthur,Trujillo,risus.morbi@nonummy.net,59
Vladimir,Mcknight,nec@etiamgravida.com,25
Steel,Ramsey,eu@mollisinteger.ca,48
Preston,Bradshaw,duis.dignissim.tempor@ultricesa.com,28
Cairo,Thornton,dui.lectus.rutrum@orcisem.ca,35
Brady,Stuart,lectus.cum@felisnulla.com,77
Dylan,Cole,interdum.nunc@metusaliquam.net,50
Garrison,Foster,libero.nec@pellentesque.ca,61
Cullen,Nelson,non.lacinia@commodo.co.uk,64
Ciaran,Fernandez,aliquam@non.net,24
Rudyard,Pierce,dictum.sapien@phasellus.com,68
Josiah,Clements,ac.arcu@rutrum.co.uk,26
Jakeem,Beck,malesuada.augue@temporlorem.ca,44
Cedric,Soto,ullamcorper.duis@euismodmauriseu.org,34
Solomon,Reese,tempor.lorem@facilisismagna.ca,35
Alden,Hood,pede.cras.vulputate@enimcommodohendrerit.com,42
Herrod,Mcdaniel,a.felis.ullamcorper@pellentesque.edu,51
Kamal,Head,aliquet.nec@dolornonummyac.ca,43
Jermaine,Matthews,malesuada.vel@cursus.co.uk,56
Silas,Sharp,tincidunt.pede@miacmattis.net,50
Samuel,Franklin,dolor.tempus@aliquetvel.edu,51
William,Wolf,lorem.lorem@consequat.org,49
Jonas,Grant,purus@turpisnulla.com,44
Macon,Henderson,ante@litoratorquent.co.uk,37
Macaulay,Barnett,elit.aliquam@malesuadafringillaest.edu,43
Acton,Tyler,lobortis.mauris@libero.com,74
Macon,Colon,nullam.suscipit.est@temporbibendum.org,37
Lance,Logan,lectus.nullam.suscipit@non.ca,79
Chester,Berg,fusce@lobortisquis.org,56
Tyrone,Valdez,parturient.montes@aliquet.com,74
Otto,Mccoy,pede.ultrices.a@natoquepenatibus.edu,69
Armando,Cervantes,arcu@odiotristique.net,22
Eric,Suarez,ipsum.donec.sollicitudin@semperet.org,40
Uriel,Cline,integer.urna@sociosqu.org,74
Rashad,Sanford,tristique@vivamus.edu,53
Xanthus,Crosby,nec.leo.morbi@sitamet.ca,53
Hector,Vance,ac.turpis@liberomauris.org,35
Thaddeus,Lang,purus.nullam.scelerisque@netusetmalesuada.com,76
Herrod,Barron,morbi.sit.amet@sitamet.com,80
Samuel,Vasquez,ornare.tortor@nullam.com,70
Damon,Macias,sit.amet.lorem@imperdietullamcorper.ca,73
Phelan,Kennedy,eleifend.egestas@nuncullamcorpervelit.ca,40
Kato,Benjamin,massa.suspendisse.eleifend@namac.org,36
Jerome,James,amet@nonantebibendum.edu,83
Basil,Bishop,donec.at.arcu@egetvenenatisa.edu,32
Omar,Finch,sit.amet@cubiliacurae.org,50
Cade,Holmes,risus.at@nislarcuiaculis.org,74
Christian,Foreman,ipsum.suspendisse.non@orci.net,21
Brenden,Randolph,tincidunt.aliquam.arcu@fermentumvelmauris.edu,25
Baker,Beach,donec.elementum.lorem@donecnibhenim.net,53
Marvin,Melton,interdum@a.org,66
Colton,Conrad,cum.sociis.natoque@orcilacusvestibulum.edu,79
Zeph,Mason,sapien@anteipsumprimis.org,74
Rogan,Walls,sociosqu.ad@mauris.edu,26
Kasimir,Foster,odio.phasellus@turpisegestas.edu,38
Noah,Nelson,mauris.erat@auctorquis.com,68
Arsenio,Horne,vulputate.posuere@senectuset.com,47
Nigel,Moore,justo.eu@nisl.org,75
Magee,Contreras,velit.in@litora.org,24
Prescott,Carr,enim.nunc@etpedenunc.net,52
Brent,Hardin,urna.justo@phasellusat.co.uk,71
Edan,Holland,lacus.mauris@eleifendnunc.co.uk,53
Garrett,Dunlap,eu.metus@nunc.org,27
Raphael,Rutledge,semper@justonec.edu,18
Leroy,Guerra,ut@laoreetlectusquis.com,23
Bevis,Compton,placerat.cras.dictum@loremeu.co.uk,54
Branden,Cooper,pharetra@semelit.edu,76
Graham,Anderson,cras.eget@aliquetmetus.ca,32
Derek,Nieves,donec.nibh@sit.co.uk,44
Branden,Paul,a.ultricies@acnullain.ca,76
Stuart,Fischer,sollicitudin.adipiscing@facilisissuspendissecommodo.co.uk,44
Shad,Elliott,adipiscing.non.luctus@egetvarius.com,21
Robert,Wilcox,vel.nisl@etlaciniavitae.co.uk,65
Dustin,Price,blandit.nam@luctusvulputate.com,24
Flynn,Castaneda,nisi.sem@liberointegerin.co.uk,53
Malik,Lewis,elit@vitae.com,19
Aristotle,Bush,dignissim.lacus.aliquam@urnanunc.org,19
Keith,Randall,in.faucibus.morbi@pedemalesuadavel.net,60
Brady,Forbes,metus.facilisis@porttitorinterdum.ca,78
Oscar,Higgins,tempus.risus@maurismagna.org,46
Tate,Espinoza,maecenas.mi@consequatlectus.org,81
Zeph,Manning,eu@ac.co.uk,41
Herrod,Vargas,mollis@egestas.ca,65
Thaddeus,Gonzalez,eget@ut.co.uk,69
Fuller,Horne,duis@quislectus.co.uk,23
Channing,Savage,euismod@magnatellus.net,53
Derek,Evans,vulputate.dui.nec@elementumat.org,82
John,Park,enim.mi@vivamus.net,44
Kibo,Cooke,donec.vitae.erat@sedmalesuada.edu,24
Steven,Rodgers,tortor.nibh@velitjusto.ca,36
Denton,Crawford,enim.non@morbitristiquesenectus.ca,84
Nolan,Garza,ridiculus.mus.donec@rutrum.edu,70
Josiah,Puckett,convallis.est@mus.ca,28
Bradley,Norris,velit@etcommodo.com,76
Gregory,Contreras,enim@ut.edu,55
Alfonso,Castillo,cum@at.net,61
Zachary,Gentry,tellus@sapien.org,34
Joel,Vang,vitae.dolor@conguea.net,67
Linus,Mason,dictum@orcitinciduntadipiscing.edu,35
Ryan,King,aenean.gravida@variusultricesmauris.co.uk,54
Jacob,Frazier,vel.vulputate@dignissimmaecenas.ca,83
Jameson,Carney,tincidunt.orci@liberoat.com,30
Xander,Stein,ac@estac.com,52
Julian,Walsh,non@musproin.edu,47
August,Delaney,a.tortor.nunc@a.co.uk,80
Palmer,Reilly,sed.sem.egestas@eu.org,60
Mark,Gilbert,amet.risus.donec@sed.com,83
Thane,Nielsen,aliquet@aliquetlobortis.co.uk,65
Connor,Langley,arcu.vestibulum@vestibulumnec.net,41
Ulric,Maddox,nulla@ornareegestas.net,84
Dillon,Dean,integer@turpis.org,83
Ulysses,Emerson,lectus.pede.et@tinciduntpedeac.co.uk,65
Howard,Fitzpatrick,mollis.dui@tellus.com,33
Benjamin,Bradford,enim.nunc.ut@arcuiaculisenim.co.uk,56
Warren,Lewis,lectus.pede@cursusinteger.edu,73
Kareem,Glover,adipiscing.fringilla@eueleifend.ca,51
Baker,Gaines,et.tristique@blandit.co.uk,19
Anthony,Dejesus,tortor.nibh@duifusce.co.uk,51
Herman,Davis,vel@mauriseuturpis.edu,73
Quamar,Emerson,enim.diam@nisl.net,37
Felix,Mckinney,metus.vitae.velit@sagittissemper.ca,20
Sebastian,Horn,elit.etiam.laoreet@felis.com,33
Camden,Morales,ut.cursus.luctus@mi.co.uk,26
Brennan,Rivers,erat@porttitortellus.ca,28
Zahir,Elliott,dapibus@faucibus.net,35
Otto,Dillard,vestibulum@fusce.net,72
Jermaine,Hale,elit.aliquam.auctor@in.ca,32
Nero,Martin,nec@aliquetmetusurna.org,26
Yasir,Garrison,faucibus.orci.luctus@inatpede.ca,28
Slade,Kidd,amet.massa.quisque@praesentluctus.org,29
Coby,O'connor,non@malesuada.ca,75
Geoffrey,Brown,id@sapiencursus.edu,39
Evan,Rush,fringilla@euismodet.org,72
Merritt,Morse,euismod@nam.ca,26
Emerson,William,pharetra@ligulanullam.edu,32
Wyatt,Graves,hendrerit.donec.porttitor@ipsumsodales.edu,34
Alexander,Doyle,odio.sagittis@scelerisqueduisuspendisse.ca,26
Orson,Burnett,sed.auctor@afelis.edu,49
Simon,Burgess,dignissim.lacus@lobortismauris.co.uk,36
Micah,Boyd,turpis@cursusinhendrerit.ca,50
Timothy,Sandoval,curae.donec@ligulanullam.ca,76
Caldwell,Hopkins,luctus.sit@tellus.org,70
Solomon,Hatfield,pede@ipsumleo.org,61
Gavin,Boyer,vestibulum@eudolor.co.uk,72
Hayes,Melendez,nascetur.ridiculus.mus@tempusnon.co.uk,24
Coby,Olson,nec@dictummi.com,22
Lewis,Gallagher,nibh@ligula.ca,57
Clinton,Fry,aptent.taciti@eunibh.net,52
Victor,Johnston,etiam.gravida@nulla.org,83
Amir,Neal,in.cursus.et@nuncmauriselit.edu,33
Rahim,Stewart,malesuada.fringilla@netus.co.uk,73
Ferdinand,Bowen,euismod@velitegestas.org,76
Davis,Curry,urna.convallis@aliquamnec.co.uk,44
Lee,Daugherty,quis@nulladonec.com,74
Linus,Maldonado,pharetra@ligula.co.uk,71
Connor,Parks,mi.eleifend.egestas@lectus.ca,39
Vernon,Wilder,adipiscing.lobortis@estvitae.edu,25
Kenneth,Mason,lorem.donec@pharetraquisqueac.ca,64
Branden,Hickman,accumsan.convallis.ante@incursus.com,55
Hu,Hodge,dui@nullamutnisi.ca,60
Isaiah,Sargent,nibh@sedpedecum.co.uk,56
Tyler,Mcleod,vulputate.lacus@vitaerisus.ca,19
Acton,Morgan,et.malesuada@arcununc.edu,31
Phillip,Griffith,cubilia.curae.donec@libero.org,50
Francis,Ramos,mollis.vitae.posuere@pedesuspendisse.co.uk,69
Arden,Stark,donec.sollicitudin@idblandit.org,71
Upton,Gross,quis@loremtristiquealiquet.edu,51
Yasir,Buckner,dolor@ligula.com,83
Jameson,Cruz,sed@integer.net,63
Ezekiel,Guy,blandit.at@sociisnatoquepenatibus.net,43
Austin,Pickett,consectetuer.adipiscing.elit@tellus.com,41
Kyle,Snyder,mollis.dui@mollisinteger.co.uk,19
Jin,Mcfarland,dui.in@arcununc.co.uk,77
Garrison,Hoover,lorem.donec@imperdieteratnonummy.co.uk,41
Duncan,Jefferson,velit.pellentesque@acmattis.net,24
Daniel,Kaufman,lacus.etiam@lobortis.com,53
Ray,Best,at.libero.morbi@accumsaninterdumlibero.edu,79
Hop,Singleton,quisque@enimsit.com,56
Kuame,Macdonald,lectus.a@quisquevarius.org,76
Brian,Hoffman,sagittis.lobortis.mauris@ipsumdonecsollicitudin.net,75
Reese,Knox,semper@malesuadafames.co.uk,85
Quentin,Weaver,nunc.quisque@scelerisqueneque.net,76
Kane,Hopkins,tellus.sem@vestibulumnec.com,69
Ali,Walters,at.velit.cras@aeneaneget.net,65
Thomas,Middleton,et.rutrum@massalobortis.net,39
Laith,Olson,donec.nibh@nasceturridiculusmus.co.uk,58
Ciaran,Mcmahon,mauris.blandit@acfermentum.org,66
Harper,Richmond,dignissim@utpellentesque.com,37
Carson,Stone,quis.massa@morbinequetellus.edu,58
Macaulay,Key,dictum.augue@rutrumeu.com,50
Hoyt,Gutierrez,orci@felisdonec.edu,63
Baker,Mckinney,porta@curabitur.com,71
Ferdinand,Delacruz,donec.nibh.enim@anteipsum.co.uk,74
Merrill,Black,euismod.enim@diamvel.edu,74
Lyle,Workman,vehicula@nullaanteiaculis.edu,29
Igor,Dillon,semper.et.lacinia@donecfeugiat.co.uk,24
Isaiah,Greer,cursus.vestibulum@hendrerit.com,29
Abraham,Torres,orci.luctus@dictummi.ca,23
Emery,Hudson,consectetuer.mauris@namconsequat.co.uk,24
Kamal,Lester,pharetra.sed@proinsed.ca,61
Joseph,Ayers,dis.parturient.montes@tellusnon.org,46
Oscar,Gaines,nullam.ut.nisi@phasellusdapibus.ca,43
Brent,Clay,facilisis.eget@gravidamolestie.com,56
Wang,Shields,sem.vitae@eratvolutpat.com,21
Tarik,Harding,magna.duis.dignissim@velitegestaslacinia.co.uk,33
Carlos,Guerra,in.aliquet@tellusjusto.org,30
Zeph,Carr,mattis.ornare@lectusconvallis.net,41
Jesse,Blanchard,commodo@ipsumdolor.edu,62
Lucius,Leon,lectus@veliteget.co.uk,63
Thor,Collier,arcu.sed@aliquetmetus.com,20
Brendan,Carr,nisl.sem@malesuadaaugue.edu,52
Ezekiel,Gaines,montes.nascetur@aliquamrutrum.org,58
Lester,Shaffer,amet.metus@eleifendnunc.com,49
Mannix,Koch,primis.in@loremeumetus.ca,83
Raphael,Rhodes,ante@fringillami.ca,35
Dexter,Dudley,eu.accumsan@aliquamtinciduntnunc.ca,70
Giacomo,Crane,ligula.elit@nonnisi.co.uk,85
Prescott,Osborne,magnis.dis@loremfringillaornare.edu,44
Tate,Jimenez,magnis.dis@id.org,69
Prescott,Carr,adipiscing@et.com,48
Donovan,Hansen,eget.volutpat@nisi.net,34
Lane,Bray,interdum.curabitur.dictum@sitamet.co.uk,32
Addison,Randall,risus@nibhenim.ca,31
Mannix,Preston,praesent.eu.nulla@mollisintegertincidunt.org,27
Howard,Johnson,orci.sem.eget@lobortisnisi.org,71
Armand,House,mauris.blandit@erosnam.ca,37
Lucius,Owen,pede.ac.urna@sociosquadlitora.edu,61
Upton,Cohen,ac.mi@tinciduntvehicularisus.net,60
Bernard,Ellison,dolor.dolor@maecenaslibero.co.uk,63
Kennan,Macdonald,eleifend@tellusidnunc.ca,56
Nero,Hayes,laoreet@dictumcursusnunc.net,52
Brenden,Hobbs,dui.nec@enimmaurisquis.com,64
Keegan,Hancock,et.netus@orci.edu,27
Cody,Duran,convallis.ligula@ametconsectetueradipiscing.net,80
Judah,Lara,primis@sempellentesque.edu,76
Jelani,Vega,fringilla.euismod@liberolacus.org,74
Demetrius,Wheeler,facilisis@antemaecenasmi.ca,72
Elmo,Lamb,orci.luctus@acmieleifend.com,85
Uriah,Garrett,luctus.et.ultrices@sedlibero.net,28
Wade,Griffith,enim.nec@euaccumsansed.ca,56
Sean,Fox,aliquam.tincidunt@metus.com,57
Ahmed,Hart,cras.convallis@sollicitudinadipiscingligula.net,49
Logan,Hatfield,phasellus.vitae@odio.co.uk,41
Byron,Hartman,enim.etiam.gravida@egestasa.co.uk,85
Lionel,Harding,nascetur.ridiculus.mus@ligulaelitpretium.com,40
Noah,Allison,est@sollicitudina.edu,51
Reese,Mcmahon,interdum.sed@libero.edu,80
Tucker,Baird,vitae@sedfacilisisvitae.ca,37
Harper,Erickson,purus@pellentesquehabitant.edu,78
Tiger,Mayo,convallis.ligula.donec@nonlobortis.ca,84
Caleb,Nichols,at.fringilla@imperdietullamcorper.co.uk,48
Caesar,Yates,morbi.metus@malesuadavel.co.uk,40
Ray,Stevenson,amet.risus@etmagna.org,33
Arthur,Blankenship,lorem.fringilla.ornare@arcu.net,28
Aaron,Hendrix,pellentesque.tincidunt.tempus@etcommodo.com,61
Tad,Wynn,sagittis.semper@odiophasellus.co.uk,34
Stephen,Maynard,fames.ac@sagittisduisgravida.org,32
Hammett,Webster,neque.sed@eutempor.co.uk,45
Judah,Norris,cursus@tinciduntaliquam.com,78
Melvin,Bennett,nonummy.ac.feugiat@estvitae.org,73
Ishmael,Thompson,vestibulum.massa.rutrum@magnisdis.org,30
Aidan,Hartman,cum.sociis@namtempor.com,44
Edan,Hall,magnis.dis@cum.org,48
Nehru,Kline,sit.amet.massa@sapien.org,34
Eric,Mccarty,a.magna.lorem@rhoncusnullamvelit.com,21
Kevin,Duran,dignissim.tempor.arcu@velconvallis.net,40
James,Hale,sed.pharetra@mifelis.ca,60
Len,Clemons,mauris@egestas.co.uk,57
Rooney,Ellis,adipiscing.elit@sitametultricies.edu,48
Fletcher,Carson,in.consectetuer@euismod.org,85
Jin,Rich,cras.eget@feugiatsed.edu,76
Oren,Blackburn,aliquet.molestie.tellus@donecegestasduis.com,71
Hedley,Ferrell,venenatis.lacus@duismi.co.uk,28
Malachi,Whitaker,aliquet.diam.sed@suspendisse.org,71
Demetrius,Green,dictum.placerat@quisqueac.net,21
Ray,Goodwin,cras.sed@metusfacilisislorem.org,72
Cruz,Wilcox,egestas.urna@vestibulumaccumsan.org,70
Emmanuel,Yates,fermentum@namnulla.co.uk,52
Elton,Harmon,aliquam.eros@orcidonecnibh.ca,62
Nolan,Bush,aliquam.rutrum@nullaat.net,46
Sylvester,Klein,donec.luctus.aliquet@velmaurisinteger.org,25
Nathan,Ballard,mauris@mollis.ca,67
Ulysses,Shields,urna.nunc@scelerisqueneque.edu,69
Wyatt,Mcbride,interdum.sed.auctor@necurna.net,39
Preston,Battle,vestibulum.ante@aliquamerat.net,40
Ray,Jefferson,eu.dui.cum@maecenas.org,84
Ulysses,Hatfield,vel.venenatis@aeneaneget.co.uk,59
Ian,Dillard,diam@fermentumrisusat.co.uk,81
Scott,Marks,vulputate.lacus@tempusmauris.net,60
Harrison,William,nisi.mauris.nulla@urna.com,23
Francis,Hartman,fermentum.vel.mauris@ridiculusmusproin.org,48
Bernard,Castro,a.aliquet.vel@accumsannequeet.net,48
Hoyt,Ross,mauris.sapien@utsagittislobortis.com,41
Chandler,Mcintosh,pellentesque.habitant@imperdietornarein.co.uk,34
Stewart,Logan,arcu.vel.quam@sedpharetra.org,36
Clinton,Hahn,at.libero.morbi@nequesed.org,84
Addison,Cochran,placerat.cras@pharetranibhaliquam.com,26
Griffith,Hawkins,sed@metusvivamus.org,26
Zeph,Mcintyre,interdum.curabitur@quisquevarius.com,42
Emmanuel,Joyner,sit.amet.risus@milorem.org,52
Abdul,Clay,a.scelerisque@vellectus.org,47
Macaulay,Zimmerman,mattis@idsapien.com,30
Dominic,Whitney,vulputate.mauris.sagittis@atarcuvestibulum.edu,52
Sebastian,Brady,vitae.sodales@leo.net,65
Gray,Marshall,purus.nullam.scelerisque@justositamet.ca,81
Kieran,Sosa,sem.pellentesque@rutrum.edu,74
Dane,Glover,semper.et.lacinia@liberolacusvarius.ca,62
Judah,Webb,sem.magna.nec@quam.org,53
Sean,Park,senectus.et.netus@inmolestietortor.ca,46
Conan,Chang,habitant@sedauctor.edu,26
Neil,Bender,sem.ut@ornare.net,56
Josiah,Gutierrez,varius@incursuset.edu,52
Callum,Rose,morbi.accumsan.laoreet@metus.co.uk,55
Aladdin,Stephenson,consectetuer.ipsum.nunc@urna.org,50
Silas,Davenport,nec@antedictum.org,67
Aquila,Elliott,nunc.mauris.elit@donec.org,69
Dean,Gibson,cubilia.curae@semutcursus.org,65
Julian,Collins,donec@aliquet.net,35
Gannon,Gibson,dapibus.ligula@duiin.net,53
Elliott,Sykes,facilisis.magna@acnulla.org,23
Julian,Palmer,mollis.phasellus@pharetra.co.uk,72
John,O'brien,molestie.sed.id@iaculislacuspede.edu,25
Palmer,Watkins,auctor.mauris@molestiedapibus.net,27
Dalton,Henderson,nisi@tellusfaucibusleo.net,56
Tanner,Giles,in.lobortis.tellus@morbisitamet.net,69
Honorato,Cooper,sed.pharetra.felis@penatibuset.ca,64
Graiden,Mullen,imperdiet.ullamcorper@curabitur.com,53
Reed,Nichols,morbi@iderat.ca,68
Raymond,Figueroa,ut.eros@posuere.ca,74
Galvin,Snider,suspendisse.eleifend@risusdonecegestas.com,78
Kareem,Vasquez,consequat.nec@cursusinteger.com,53
Phillip,Alexander,sit@donectinciduntdonec.ca,62
Wade,Fischer,lectus@ut.co.uk,70
Hayden,Wallace,pellentesque.habitant@maurissit.net,22
Deacon,Mckenzie,vitae.posuere.at@nequevitae.edu,54
Jackson,Mullins,sed@eratvivamus.edu,60
Devin,Cantrell,phasellus@ipsumleo.edu,69
Demetrius,Vasquez,mi.tempor@risusvarius.com,57
Dieter,Workman,elit.etiam@nibh.org,43
Jerome,Salas,mattis.ornare@dolorvitae.co.uk,53
Jasper,Guzman,libero.nec.ligula@inhendrerit.org,50
Scott,Hanson,donec.consectetuer.mauris@magna.net,59
Len,Carson,dolor@mollisduis.org,49
Acton,Walton,euismod.ac@nullaeget.edu,23
James,Wallace,molestie.orci@consequatpurus.org,19
Lyle,Mathis,volutpat.nulla.dignissim@fuscemollis.com,55
Zane,Poole,dui.fusce@molestietortornibh.net,23
Ross,Martin,nisl.elementum@vitaealiquet.co.uk,47
Andrew,Becker,sit.amet@dictumcursusnunc.co.uk,82
Wayne,Woodard,et@crasconvallis.net,45
Leroy,Moran,erat.volutpat.nulla@sitamet.ca,40
Randall,Harper,cum.sociis@nunc.ca,61
Talon,Olson,quam@dolordolortempus.co.uk,26
Bruno,Sampson,duis.gravida.praesent@scelerisque.co.uk,67
Fuller,Morgan,sed.sem.egestas@euismod.co.uk,30
Murphy,May,diam.pellentesque@disparturient.com,63
Wesley,Lowery,viverra@musdonec.ca,59
Edan,Weber,nullam@orciut.edu,77
Orson,Solis,eleifend.nunc@velit.net,71
Odysseus,Snow,est.mauris@iaculisaliquet.co.uk,69
Noah,Parks,torquent.per.conubia@lacusquisque.ca,76
Tanek,Wooten,urna.vivamus@nibh.org,25
Ross,Knight,ac.feugiat.non@elitaliquamauctor.com,26
Beck,Villarreal,orci.in@sedorci.edu,28
Aaron,Navarro,fusce.diam@morbimetus.net,70
Tobias,Patrick,scelerisque.neque@malesuada.edu,53
Orson,Lynch,tellus.suspendisse@cras.co.uk,49
Guy,Wolfe,aliquet.libero@sitamet.com,63
Brian,Hansen,nunc@arcusedet.org,18
